cell,cycle,start,ambient_c,capacity_ah,temp_max_c,temp_rise_c,time_to_tmax_s,duration_s,v_mean,re_ohm,rct_ohm
B0005,1,2008-04-02T15:25:41,24.0,1.85649,38.98218,14.65215,3366.781,3690.234,3.52983,,
B0005,2,2008-04-02T19:43:48,24.0,1.84633,39.0334,14.33565,3348.735,3672.344,3.53732,,
B0005,3,2008-04-03T00:01:06,24.0,1.83535,38.8188,14.08453,3329.281,3651.641,3.54374,,
B0005,4,2008-04-03T04:16:37,24.0,1.83526,38.7623,14.10807,3329.5,3631.563,3.54367,,
B0005,5,2008-04-03T08:33:25,24.0,1.83465,38.66539,14.1406,3327.531,3629.172,3.54234,,
B0005,6,2008-04-03T12:55:10,24.0,1.83566,38.7517,14.2294,3329.047,3652.281,3.54133,,
B0005,7,2008-04-03T17:17:16,24.0,1.83515,38.8207,14.23582,3328.156,3650.828,3.54103,,
B0005,8,2008-04-03T21:28:14,24.0,1.82576,38.51713,13.8035,3311.328,3572.453,3.55413,,
B0005,9,2008-04-04T01:38:15,24.0,1.82477,38.52627,13.89106,3309.625,3550.594,3.55294,,
B0005,10,2008-04-04T05:48:08,24.0,1.82461,38.52698,13.95492,3310.016,3551.25,3.55121,,
B0005,11,2008-04-04T09:57:19,24.0,1.82462,38.54143,14.10472,3310.016,3530.25,3.54929,,
B0005,12,2008-04-04T17:56:27,24.0,1.8142,38.52197,13.77765,3290.844,3491.016,3.55976,,
B0005,13,2008-04-04T22:01:54,24.0,1.81375,38.58249,13.84585,3290.578,3470.281,3.55808,,
B0005,14,2008-04-05T02:20:26,24.0,1.81344,38.52029,14.07231,3290.141,3470.0,3.55569,,
B0005,15,2008-04-05T06:25:01,24.0,1.8026,38.21359,13.74147,3270.859,3450.297,3.56275,,
B0005,16,2008-04-05T10:30:32,24.0,1.80211,38.19836,13.87294,3269.766,3429.407,3.56145,,
B0005,17,2008-04-05T14:34:41,24.0,1.80258,38.31927,13.95668,3270.266,3409.484,3.56034,,
B0005,18,2008-04-05T18:39:25,24.0,1.80307,38.47875,14.09633,3270.812,3390.422,3.55912,,
B0005,19,2008-04-05T22:46:35,24.0,1.80278,38.54659,14.18514,3270.594,3390.281,3.55789,,
B0005,20,2008-04-18T21:10:19,24.0,1.84703,38.4475,13.88878,3349.875,3591.734,3.55204,0.04467,0.06946
B0005,21,2008-04-19T02:29:09,24.0,1.84742,38.99228,14.07017,3350.938,3552.297,3.55257,0.04484,0.06797
B0005,22,2008-04-19T07:47:15,24.0,1.83618,38.51424,13.94828,3331.203,3531.578,3.55679,0.0451,0.06853
B0005,23,2008-04-19T13:01:42,24.0,1.82578,38.16582,13.94923,3312.547,3492.907,3.56141,0.04417,0.06804
B0005,24,2008-04-19T18:27:29,24.0,1.82511,38.16526,14.11027,3310.969,3511.594,3.55661,0.04379,0.06845
B0005,25,2008-04-19T23:41:55,24.0,1.82558,38.2755,14.24672,3311.906,3431.937,3.55867,0.04464,0.06834
B0005,26,2008-04-20T04:54:41,24.0,1.81403,37.98216,14.04375,3291.157,3431.125,3.5641,0.04356,0.06868
B0005,27,2008-04-20T10:16:28,24.0,1.81477,38.111,14.29947,3292.609,3412.406,3.55959,0.04527,0.06814
B0005,28,2008-04-20T15:37:05,24.0,1.81397,38.18831,14.43355,3290.688,3410.688,3.55683,0.04448,0.06783
B0005,29,2008-04-20T20:50:38,24.0,1.80277,37.99854,14.20086,3270.734,3410.718,3.56244,0.04441,0.06886
B0005,30,2008-04-21T02:15:02,24.0,1.80408,38.1942,14.3929,3273.156,3392.719,3.55914,0.04454,0.06779
B0005,31,2008-04-22T15:33:49,24.0,1.8518,38.45796,14.67667,3345.656,3470.672,3.55732,0.04502,0.0694
B0005,32,2008-04-22T20:26:18,24.0,1.8307,38.49126,14.28722,3298.703,3414.109,3.56187,0.04646,0.06994
B0005,33,2008-04-23T01:18:11,24.0,1.8199,38.31473,14.30841,3279.703,3395.219,3.56176,0.04772,0.0695
B0005,34,2008-04-23T06:18:19,24.0,1.80931,37.86193,14.32194,3251.391,3386.0,3.55973,0.04694,0.06966
B0005,35,2008-04-23T11:08:00,24.0,1.80461,37.90666,14.34056,3252.515,3368.187,3.55759,0.04703,0.07113
B0005,36,2008-04-23T16:06:25,24.0,1.79938,38.34003,14.36112,3242.719,3368.266,3.55972,0.04776,0.07167
B0005,37,2008-04-23T21:02:58,24.0,1.78844,38.0746,14.317,3233.0,3358.719,3.55906,0.04702,0.06977
B0005,38,2008-04-24T01:51:33,24.0,1.78292,38.07253,14.55798,3213.813,3339.5,3.55702,0.04625,0.07192
B0005,39,2008-04-24T06:50:00,24.0,1.77303,37.80134,14.51892,3195.937,3331.265,3.55625,0.04619,0.07194
B0005,40,2008-04-24T11:49:24,24.0,1.77304,38.39874,14.95937,3195.469,3321.188,3.55328,0.04774,0.07034
B0005,41,2008-04-24T16:45:56,24.0,1.76787,38.74929,14.72871,3186.407,3321.844,3.55627,0.04838,0.06974
B0005,42,2008-04-24T21:38:11,24.0,1.76232,38.87275,14.61667,3176.625,3311.828,3.55631,0.04804,0.07013
B0005,43,2008-04-25T12:03:44,24.0,1.76762,38.50354,14.51084,3207.812,3327.391,3.55895,0.04809,0.06971
B0005,44,2008-04-25T20:03:55,24.0,1.76267,38.27009,14.4413,3177.171,3312.078,3.55344,0.04809,0.06971
B0005,45,2008-04-26T01:04:35,24.0,1.75173,38.11685,14.76633,3167.64,3293.172,3.55101,0.04755,0.07318
B0005,46,2008-04-26T05:57:35,24.0,1.74185,38.04153,14.80531,3139.953,3275.328,3.55132,0.04764,0.07165
B0005,47,2008-04-26T10:58:25,24.0,1.73609,38.1798,14.965,3129.859,3265.016,3.549,0.04842,0.0725
B0005,48,2008-04-29T12:15:56,24.0,1.79362,40.71218,14.06481,3242.437,3328.937,3.55976,0.04842,0.0725
B0005,49,2008-04-29T17:05:27,24.0,1.78319,39.88526,14.18488,3214.125,3329.266,3.56235,0.04943,0.07014
B0005,50,2008-04-29T22:00:04,24.0,1.76736,39.18287,14.34669,3195.516,3301.579,3.55834,0.04975,0.07113
B0005,51,2008-04-30T02:43:55,24.0,1.75702,38.95156,14.58995,3167.906,3283.563,3.55401,0.04988,0.07198
B0005,52,2008-04-30T07:41:42,24.0,1.74687,38.60751,14.58835,3149.516,3275.125,3.55238,0.04922,0.07146
B0005,53,2008-04-30T12:28:49,24.0,1.74172,38.92036,14.90069,3140.047,3265.656,3.54962,0.04995,0.07089
B0005,54,2008-04-30T17:20:16,24.0,1.73642,39.23273,14.89665,3140.125,3266.093,3.54938,0.04897,0.07178
B0005,55,2008-04-30T22:14:54,24.0,1.72632,38.96493,14.84065,3112.469,3257.594,3.54721,0.05023,0.07183
B0005,56,2008-05-01T03:15:33,24.0,1.71581,38.83927,14.86771,3093.672,3248.593,3.54671,0.04972,0.07139
B0005,57,2008-05-01T08:16:03,24.0,1.71053,38.82796,14.98864,3084.0,3238.766,3.54463,0.04913,0.07245
B0005,58,2008-05-01T13:14:24,24.0,1.70601,39.14008,15.18316,3085.25,3240.14,3.54363,0.04921,0.07304
B0005,59,2008-05-01T18:11:10,24.0,1.70031,39.34961,14.88449,3065.531,3230.109,3.54449,0.04951,0.07251
B0005,60,2008-05-01T23:10:15,24.0,1.69458,39.29445,15.02659,3055.562,3229.781,3.54092,0.04865,0.07202
B0005,61,2008-05-02T03:53:34,24.0,1.6849,39.10488,14.95848,3047.641,3212.469,3.5412,0.04917,0.07317
B0005,62,2008-05-02T08:44:40,24.0,1.67447,39.04626,15.11061,3029.11,3213.219,3.54067,0.04923,0.07277
B0005,63,2008-05-02T13:43:05,24.0,1.67457,39.39803,15.3155,3019.547,3203.578,3.5376,0.05055,0.07271
B0005,64,2008-05-02T19:07:48,24.0,1.66372,39.10678,14.67797,3010.703,3195.125,3.53842,0.05012,0.07301
B0005,65,2008-05-02T23:24:17,24.0,1.65901,39.44449,15.11568,3001.391,3195.313,3.53929,0.05012,0.07301
B0005,66,2008-05-03T04:13:08,24.0,1.65385,39.5096,15.37563,2992.25,3186.297,3.53369,0.04979,0.07344
B0005,67,2008-05-03T09:10:19,24.0,1.64265,39.33487,15.35457,2972.5,3176.438,3.53437,0.04987,0.07321
B0005,68,2008-05-03T14:04:34,24.0,1.63786,39.43723,15.46216,2963.75,3167.593,3.53129,0.04981,0.0746
B0005,69,2008-05-03T18:58:13,24.0,1.63274,39.51375,15.47535,2944.703,3167.719,3.53091,0.04851,0.07458
B0005,70,2008-05-03T23:42:30,24.0,1.62775,39.6017,15.51941,2936.11,3159.078,3.52872,0.05002,0.07366
B0005,71,2008-05-04T04:41:40,24.0,1.62213,39.68746,15.64385,2935.422,3148.829,3.52625,0.0502,0.07372
B0005,72,2008-05-04T09:40:11,24.0,1.61133,39.53535,15.5274,2906.547,3149.094,3.52868,0.04976,0.07466
B0005,73,2008-05-04T14:38:13,24.0,1.60656,39.65024,15.65677,2907.656,3140.547,3.52556,0.04969,0.07355
B0005,74,2008-05-04T19:37:07,24.0,1.60151,39.69929,15.71268,2898.687,3131.625,3.52268,0.04995,0.07462
B0005,75,2008-05-05T00:35:53,24.0,1.59037,39.56076,15.63255,2879.125,3121.907,3.52467,0.05028,0.0736
B0005,76,2008-05-05T05:28:13,24.0,1.58579,39.63708,15.75833,2869.984,3122.125,3.52132,0.04992,0.07464
B0005,77,2008-05-05T11:41:31,24.0,1.58494,39.43977,15.52875,2869.219,3121.672,3.51803,0.05008,0.07548
B0005,78,2008-05-05T20:40:08,24.0,1.59553,39.83902,15.36607,2887.953,3120.86,3.52368,0.05008,0.07548
B0005,79,2008-05-06T01:38:46,24.0,1.57473,39.41795,15.59464,2851.297,3103.828,3.51915,0.05487,0.07934
B0005,80,2008-05-06T06:37:06,24.0,1.5649,39.26278,15.85681,2823.235,3095.094,3.51623,0.05524,0.08002
B0005,81,2008-05-06T11:25:21,24.0,1.55977,39.47238,15.9658,2823.609,3095.781,3.51477,0.05508,0.08045
B0005,82,2008-05-06T16:23:36,24.0,1.55948,40.03754,16.0513,2822.734,3094.328,3.5133,0.05485,0.081
B0005,83,2008-05-06T21:21:49,24.0,1.55469,40.14273,15.81071,2814.313,3086.531,3.51448,0.05809,0.07901
B0005,84,2008-05-07T02:17:25,24.0,1.54887,40.11656,15.90488,2804.031,3085.625,3.51097,0.0564,0.08181
B0005,85,2008-05-07T07:04:02,24.0,1.53824,39.87503,15.87461,2785.421,3067.203,3.51094,0.05716,0.08087
B0005,86,2008-05-07T12:01:49,24.0,1.52791,39.61962,15.95152,2757.469,3058.157,3.50939,0.057,0.0825
B0005,87,2008-05-07T16:59:29,24.0,1.52853,40.06732,16.21342,2767.359,3058.812,3.50668,0.05792,0.08175
B0005,88,2008-05-07T21:56:09,24.0,1.52265,40.24717,16.0034,2757.562,3058.578,3.51099,0.05858,0.08269
B0005,89,2008-05-08T02:53:49,24.0,1.51749,40.30253,15.99799,2748.297,3049.328,3.51031,0.05684,0.08227
B0005,90,2008-05-09T12:25:07,24.0,1.60582,40.09418,15.97735,2896.25,3177.219,3.52222,0.05667,0.08292
B0005,91,2008-05-09T20:28:09,24.0,1.56385,40.52238,15.79568,2830.687,3082.937,3.51635,0.05822,0.07615
B0005,92,2008-05-10T01:21:56,24.0,1.54809,40.56886,15.83347,2803.062,3074.266,3.51344,0.05869,0.081
B0005,93,2008-05-10T06:18:12,24.0,1.53238,40.27805,15.77607,2775.094,3066.0,3.51514,0.05687,0.08079
B0005,94,2008-05-10T11:16:04,24.0,1.52695,40.29218,16.02604,2765.297,3056.437,3.5083,0.0584,0.08162
B0005,95,2008-05-10T16:11:56,24.0,1.51696,40.18438,16.03557,2747.437,3048.219,3.50919,0.05714,0.08203
B0005,96,2008-05-10T21:07:54,24.0,1.5119,40.32007,16.11146,2738.218,3039.218,3.50681,0.05685,0.08431
B0005,97,2008-05-11T02:05:21,24.0,1.50656,40.33651,16.10829,2728.25,3039.047,3.50609,0.05971,0.08128
B0005,98,2008-05-11T06:55:27,24.0,1.50155,40.43268,16.17334,2719.75,3030.375,3.50372,0.05788,0.08276
B0005,99,2008-05-11T11:52:47,24.0,1.49084,40.31454,16.08555,2700.485,3021.0,3.50675,0.05711,0.08389
B0005,100,2008-05-11T16:49:58,24.0,1.48587,40.38666,16.11257,2691.656,3021.75,3.50588,0.05832,0.08234
B0005,101,2008-05-11T21:47:12,24.0,1.48041,40.43385,16.17003,2682.156,3012.265,3.50417,0.05854,0.0826
B0005,102,2008-05-12T02:36:58,24.0,1.47521,40.44479,16.19104,2672.344,3002.641,3.50306,0.05761,0.08362
B0005,103,2008-05-12T12:56:34,24.0,1.4859,40.585,16.24074,2691.36,3012.0,3.49823,0.05688,0.08454
B0005,104,2008-05-12T18:59:59,24.0,1.49609,40.99869,15.94046,2709.704,3020.11,3.50659,0.05841,0.07817
B0005,105,2008-05-12T23:53:17,24.0,1.4808,40.99781,16.14713,2682.297,3002.172,3.50146,0.0602,0.08377
B0005,106,2008-05-13T04:35:25,24.0,1.46975,40.84214,16.15368,2662.719,2992.703,3.50166,0.05988,0.08361
B0005,107,2008-05-13T09:24:04,24.0,1.4539,40.69012,16.24589,2634.64,2964.468,3.49662,0.05888,0.08371
B0005,108,2008-05-13T14:20:24,24.0,1.45415,40.69938,16.31657,2634.157,2983.375,3.49916,0.05845,0.08435
B0005,109,2008-05-13T19:04:20,24.0,1.45502,41.06026,16.34492,2635.797,2975.297,3.49608,0.06055,0.08328
B0005,110,2008-05-13T23:59:26,24.0,1.44904,41.19696,16.34553,2625.781,2974.985,3.4959,0.05995,0.08319
B0005,111,2008-05-14T04:55:57,24.0,1.43867,40.84447,16.25135,2607.25,2966.25,3.49759,0.05957,0.08487
B0005,112,2008-05-14T09:52:22,24.0,1.43345,40.7642,16.37919,2597.234,2956.359,3.4957,0.05985,0.08474
B0005,113,2008-05-14T14:35:22,24.0,1.4334,41.11213,16.46697,2597.313,2956.344,3.49288,0.05875,0.08712
B0005,114,2008-05-14T19:31:39,24.0,1.42806,41.27257,16.33969,2587.922,2956.406,3.49551,0.06084,0.08491
B0005,115,2008-05-15T00:27:55,24.0,1.42292,41.15575,16.35076,2578.938,2947.266,3.49423,0.05994,0.0848
B0005,116,2008-05-15T05:24:04,24.0,1.41743,41.03237,16.45379,2569.344,2937.984,3.4912,0.0596,0.08519
B0005,117,2008-05-15T10:20:03,24.0,1.41241,40.93727,16.57946,2560.078,2929.125,3.48891,0.0584,0.08633
B0005,118,2008-05-15T15:10:59,24.0,1.41258,41.2407,16.62395,2560.047,2928.454,3.48738,0.06261,0.08502
B0005,119,2008-05-15T19:56:47,24.0,1.4076,41.4365,16.40722,2550.984,2929.375,3.49199,0.06115,0.08486
B0005,120,2008-05-16T16:54:59,24.0,1.43339,41.16704,16.00754,2597.125,2946.031,3.49159,0.05963,0.08503
B0005,121,2008-05-16T21:37:39,24.0,1.43826,41.36217,16.15001,2606.344,2955.438,3.49558,0.05963,0.08503
B0005,122,2008-05-17T02:32:13,24.0,1.41735,41.02199,16.16998,2568.922,2937.625,3.4939,0.06099,0.08584
B0005,123,2008-05-17T07:25:19,24.0,1.40698,40.78819,16.31223,2550.547,2929.078,3.49159,0.061,0.08588
B0005,124,2008-05-17T12:21:15,24.0,1.4012,40.81506,16.46984,2540.235,2918.375,3.48857,0.06233,0.08822
B0005,125,2008-05-17T17:15:37,24.0,1.3967,40.85837,16.53174,2532.016,2919.812,3.4869,0.0615,0.08727
B0005,126,2008-05-17T22:10:51,24.0,1.39128,40.83988,16.5596,2522.516,2900.422,3.48555,0.06142,0.0872
B0005,127,2008-05-18T03:05:19,24.0,1.38623,40.85376,16.61474,2513.532,2901.375,3.48389,0.06122,0.08728
B0005,128,2008-05-18T08:00:50,24.0,1.38044,40.74795,16.62446,2503.218,2901.187,3.4832,0.0627,0.08679
B0005,129,2008-05-18T12:44:48,24.0,1.37524,40.68794,16.63493,2493.89,2891.64,3.48363,0.06173,0.08838
B0005,130,2008-05-18T17:36:29,24.0,1.37051,40.78107,16.71821,2485.312,2882.906,3.48017,0.06185,0.08698
B0005,131,2008-05-18T22:31:45,24.0,1.37051,40.88159,16.79521,2485.297,2883.265,3.47845,0.0631,0.08852
B0005,132,2008-05-19T03:27:07,24.0,1.36474,40.81191,16.80263,2475.281,2882.969,3.47858,0.06229,0.08923
B0005,133,2008-05-19T15:34:33,24.0,1.37539,41.11794,16.39839,2494.281,2891.656,3.48252,0.06271,0.08839
B0005,134,2008-05-19T20:59:48,24.0,1.38611,41.2488,16.40572,2513.375,2901.25,3.48868,0.06271,0.08839
B0005,135,2008-05-20T01:16:42,24.0,1.36985,41.16243,16.58143,2484.344,2891.703,3.48585,0.06271,0.08839
B0005,136,2008-05-20T06:12:06,24.0,1.36478,41.16438,16.82409,2475.25,2883.016,3.47879,0.05329,0.08157
B0005,137,2008-05-20T11:07:23,24.0,1.35432,40.86422,16.83408,2456.453,2873.453,3.48128,0.05293,0.08276
B0005,138,2008-05-20T15:57:27,24.0,1.35464,41.25435,16.85263,2456.937,2874.031,3.48035,0.05589,0.08226
B0005,139,2008-05-20T20:50:39,24.0,1.3547,41.45023,16.80242,2457.094,2874.234,3.47811,0.05842,0.0803
B0005,140,2008-05-21T01:39:38,24.0,1.34931,41.27709,16.86993,2447.687,2864.984,3.47659,0.05641,0.08192
B0005,141,2008-05-21T06:24:27,24.0,1.34419,41.06461,16.99286,2438.468,2855.093,3.47338,0.05568,0.08177
B0005,142,2008-05-21T11:18:06,24.0,1.33899,40.99285,17.11946,2428.922,2855.625,3.47264,0.05621,0.08328
B0005,143,2008-05-21T16:10:21,24.0,1.33891,41.29041,17.11553,2428.656,2855.594,3.47344,0.05579,0.08295
B0005,144,2008-05-21T21:02:09,24.0,1.33401,41.2274,16.94108,2420.156,2847.437,3.47548,0.0578,0.0819
B0005,145,2008-05-22T01:42:59,24.0,1.32864,41.0462,17.03309,2410.75,2847.36,3.47229,0.05578,0.08295
B0005,146,2008-05-22T06:32:40,24.0,1.32317,40.85874,17.14368,2400.781,2837.328,3.47137,0.05656,0.08237
B0005,147,2008-05-22T11:23:22,24.0,1.31817,40.79197,17.21495,2391.593,2837.281,3.47262,0.05334,0.08449
B0005,148,2008-05-22T16:17:58,24.0,1.31847,41.14128,17.1814,2391.937,2838.515,3.47381,0.05626,0.08307
B0005,149,2008-05-22T20:59:50,24.0,1.31829,41.14429,17.17649,2391.828,2828.328,3.47014,0.05339,0.08336
B0005,150,2008-05-23T12:13:16,24.0,1.32387,40.66184,17.06749,2392.093,2838.265,3.46752,0.05855,0.08837
B0005,151,2008-05-23T20:14:29,24.0,1.36012,41.04669,16.80901,2466.531,2864.547,3.47675,0.05785,0.08079
B0005,152,2008-05-24T01:09:21,24.0,1.33953,41.04621,16.87883,2429.687,2846.39,3.4759,0.06142,0.08496
B0005,153,2008-05-24T06:00:20,24.0,1.32903,40.8683,16.88091,2410.953,2837.969,3.47581,0.05952,0.08721
B0005,154,2008-05-24T10:42:50,24.0,1.32367,40.85284,16.97633,2401.547,2838.156,3.47466,0.05926,0.08778
B0005,155,2008-05-24T15:31:10,24.0,1.31863,40.85271,17.05222,2392.593,2829.843,3.4723,0.05952,0.08843
B0005,156,2008-05-24T20:21:13,24.0,1.31348,40.82633,17.07388,2373.703,2829.625,3.47293,0.05968,0.08584
B0005,157,2008-05-25T01:06:49,24.0,1.3132,40.90309,17.13241,2382.891,2819.437,3.46962,0.05976,0.08662
B0005,158,2008-05-25T05:57:17,24.0,1.3078,40.84337,17.14463,2373.125,2819.579,3.47002,0.0595,0.08637
B0005,159,2008-05-25T10:51:37,24.0,1.30303,40.81792,17.1366,2364.297,2810.672,3.47076,0.05956,0.08822
B0005,160,2008-05-25T15:37:08,24.0,1.30336,40.94699,17.19351,2365.078,2811.485,3.46811,0.05949,0.08873
B0005,161,2008-05-25T20:23:04,24.0,1.30341,41.07494,17.28387,2365.312,2802.422,3.46486,0.06052,0.08754
B0005,162,2008-05-26T01:13:02,24.0,1.29789,41.02476,17.18717,2355.328,2801.625,3.46786,0.05983,0.08854
B0005,163,2008-05-26T06:01:08,24.0,1.29807,41.06214,17.31087,2355.578,2802.031,3.46402,0.05794,0.08891
B0005,164,2008-05-26T10:44:38,24.0,1.29346,40.98366,17.24224,2346.812,2793.39,3.46646,0.06176,0.08472
B0005,165,2008-05-26T15:30:43,24.0,1.288,40.98234,17.17836,2327.75,2793.39,3.46851,0.05899,0.08574
B0005,166,2008-05-26T20:21:04,24.0,1.28745,41.06375,17.21463,2336.282,2792.485,3.46681,0.05763,0.08742
B0005,167,2008-05-27T15:52:41,24.0,1.30902,41.04703,16.11292,2365.219,2802.016,3.47107,0.05782,0.08976
B0005,168,2008-05-27T20:45:42,24.0,1.32508,41.05101,15.95771,2393.578,2820.39,3.47547,0.05782,0.08976
B0006,1,2008-04-02T15:25:41,24.0,2.03534,39.16299,14.88542,3690.234,3690.234,3.55695,,
B0006,2,2008-04-02T19:43:48,24.0,2.02514,39.2462,14.59759,3672.344,3672.344,3.56148,,
B0006,3,2008-04-03T00:01:06,24.0,2.01333,38.9992,14.29514,3651.641,3651.641,3.56675,,
B0006,4,2008-04-03T04:16:37,24.0,2.01328,38.84363,14.19312,3631.563,3631.563,3.5688,,
B0006,5,2008-04-03T08:33:25,24.0,2.00053,38.97799,14.34378,3629.172,3629.172,3.56397,,
B0006,6,2008-04-03T12:55:10,24.0,2.0139,38.8399,14.4965,3652.281,3652.281,3.57355,,
B0006,7,2008-04-03T17:17:16,24.0,2.0131,39.04611,14.61516,3650.828,3650.828,3.57114,,
B0006,8,2008-04-03T21:28:14,24.0,1.96879,38.87508,14.22464,3572.453,3572.453,3.56815,,
B0006,9,2008-04-04T01:38:15,24.0,1.96817,38.72605,14.16108,3550.594,3550.594,3.56928,,
B0006,10,2008-04-04T05:48:08,24.0,1.95723,38.9863,14.46086,3551.25,3551.25,3.56339,,
B0006,11,2008-04-04T09:57:19,24.0,1.9456,38.65979,14.24774,3530.25,3530.25,3.56666,,
B0006,12,2008-04-04T17:56:27,24.0,1.93475,38.84979,14.18372,3491.016,3491.016,3.5687,,
B0006,13,2008-04-04T22:01:54,24.0,1.92328,38.75128,13.91798,3470.281,3470.281,3.56921,,
B0006,14,2008-04-05T02:20:26,24.0,1.91189,38.76854,14.13789,3470.0,3470.0,3.56593,,
B0006,15,2008-04-05T06:25:01,24.0,1.90107,38.84686,14.38495,3450.297,3450.297,3.56124,,
B0006,16,2008-04-05T10:30:32,24.0,1.8892,38.86589,14.59717,3429.407,3429.407,3.55788,,
B0006,17,2008-04-05T14:34:41,24.0,1.87828,38.64758,14.29286,3409.484,3409.484,3.56282,,
B0006,18,2008-04-05T18:39:25,24.0,1.86757,38.79218,14.40792,3390.422,3390.422,3.5592,,
B0006,19,2008-04-05T22:46:35,24.0,1.86759,38.77022,14.30435,3390.281,3390.281,3.55809,,
B0006,20,2008-04-18T21:10:19,24.0,1.97963,37.54321,13.03159,3591.734,3591.734,3.5659,0.06123,0.07854
B0006,21,2008-04-19T02:29:09,24.0,1.95755,37.90363,12.99304,3552.297,3552.297,3.57081,0.06063,0.07802
B0006,22,2008-04-19T07:47:15,24.0,1.94582,37.67016,13.10009,3531.578,3531.578,3.56668,0.06086,0.0784
B0006,23,2008-04-19T13:01:42,24.0,1.92425,37.34167,13.1161,3492.907,3492.907,3.56684,0.06006,0.07807
B0006,24,2008-04-19T18:27:29,24.0,1.94598,37.28979,13.25064,3511.594,3511.594,3.57105,0.05913,0.07796
B0006,25,2008-04-19T23:41:55,24.0,1.90141,37.16794,13.1522,3431.937,3431.937,3.56663,0.0606,0.07938
B0006,26,2008-04-20T04:54:41,24.0,1.87867,37.51578,13.61197,3431.125,3431.125,3.55274,0.06044,0.07949
B0006,27,2008-04-20T10:16:28,24.0,1.86831,37.24166,13.42477,3412.406,3412.406,3.5561,0.05988,0.07871
B0006,28,2008-04-20T15:37:05,24.0,1.85602,37.27233,13.50975,3390.531,3410.688,3.55045,0.06059,0.0799
B0006,29,2008-04-20T20:50:38,24.0,1.8452,37.20713,13.42921,3350.25,3410.718,3.54601,0.06091,0.07975
B0006,30,2008-04-21T02:15:02,24.0,1.85723,37.49608,13.73041,3392.719,3392.719,3.55426,0.06037,0.08015
B0006,31,2008-04-22T15:33:49,24.0,1.92478,37.25007,13.50456,3470.672,3470.672,3.55586,0.06209,0.08164
B0006,32,2008-04-22T20:26:18,24.0,1.88223,37.39699,13.20127,3394.531,3414.109,3.55373,0.06232,0.08021
B0006,33,2008-04-23T01:18:11,24.0,1.85528,37.28521,13.31173,3355.984,3395.219,3.54527,0.06189,0.08121
B0006,34,2008-04-23T06:18:19,24.0,1.83925,37.08039,13.56023,3346.938,3386.0,3.53841,0.06172,0.0815
B0006,35,2008-04-23T11:08:00,24.0,1.81854,36.98024,13.45081,3309.828,3368.187,3.52977,0.062,0.08139
B0006,36,2008-04-23T16:06:25,24.0,1.81348,37.59874,13.65107,3280.875,3368.266,3.53007,0.0625,0.08169
B0006,37,2008-04-23T21:02:58,24.0,1.7971,37.33681,13.61214,3261.735,3358.719,3.52489,0.06201,0.08132
B0006,38,2008-04-24T01:51:33,24.0,1.781,37.395,13.88532,3233.11,3339.5,3.51909,0.06183,0.0812
B0006,39,2008-04-24T06:50:00,24.0,1.77101,37.35234,14.09275,3215.125,3331.265,3.51518,0.06283,0.08347
B0006,40,2008-04-24T11:49:24,24.0,1.76047,37.58677,14.17487,3185.766,3321.188,3.51403,0.0635,0.08385
B0006,41,2008-04-24T16:45:56,24.0,1.75029,38.20704,14.21317,3176.766,3321.844,3.51414,0.06095,0.08202
B0006,42,2008-04-24T21:38:11,24.0,1.73949,38.34043,14.11499,3147.844,3311.828,3.50958,0.06392,0.08217
B0006,43,2008-04-25T12:03:44,24.0,1.75468,38.52154,14.58994,3207.812,3327.391,3.51107,0.06224,0.08228
B0006,44,2008-04-25T20:03:55,24.0,1.76594,38.03707,14.23522,3205.937,3312.078,3.51592,0.06224,0.08228
B0006,45,2008-04-26T01:04:35,24.0,1.73379,37.93429,14.60924,3148.359,3293.172,3.50585,0.06203,0.08319
B0006,46,2008-04-26T05:57:35,24.0,1.71333,37.88471,14.65719,3111.25,3275.328,3.50104,0.06251,0.08427
B0006,47,2008-04-26T10:58:25,24.0,1.70241,38.06537,14.8557,3082.062,3265.016,3.49741,0.06262,0.08397
B0006,48,2008-04-29T12:15:56,24.0,1.82372,39.78844,13.18549,3299.609,3328.937,3.53889,0.06262,0.08397
B0006,49,2008-04-29T17:05:27,24.0,1.80813,39.2129,13.60154,3280.953,3329.266,3.53274,0.06457,0.08034
B0006,50,2008-04-29T22:00:04,24.0,1.77576,38.66938,13.88087,3233.86,3301.579,3.52121,0.06369,0.08236
B0006,51,2008-04-30T02:43:55,24.0,1.74474,38.51701,14.21797,3158.156,3283.563,3.50931,0.06291,0.08214
B0006,52,2008-04-30T07:41:42,24.0,1.72921,38.29251,14.30239,3139.781,3275.125,3.50716,0.06367,0.08297
B0006,53,2008-04-30T12:28:49,24.0,1.70811,38.52092,14.5255,3101.828,3265.656,3.50093,0.06455,0.08391
B0006,54,2008-04-30T17:20:16,24.0,1.6976,38.95436,14.6566,3082.703,3266.093,3.4973,0.06442,0.08332
B0006,55,2008-04-30T22:14:54,24.0,1.68206,38.73136,14.62589,3055.157,3257.594,3.4929,0.06517,0.08478
B0006,56,2008-05-01T03:15:33,24.0,1.67148,38.74828,14.77208,3026.656,3248.593,3.48866,0.0636,0.08418
B0006,57,2008-05-01T08:16:03,24.0,1.66076,38.84227,15.01807,3017.0,3238.766,3.48229,0.06529,0.08605
B0006,58,2008-05-01T13:14:24,24.0,1.65112,39.22138,15.27858,2999.093,3240.14,3.47758,0.06653,0.08675
B0006,59,2008-05-01T18:11:10,24.0,1.64013,39.46651,15.00886,2979.671,3230.109,3.47874,0.06634,0.08721
B0006,60,2008-05-01T23:10:15,24.0,1.6292,39.35265,15.09973,2960.312,3229.781,3.47402,0.06591,0.08713
B0006,61,2008-05-02T03:53:34,24.0,1.60885,39.31891,15.20442,2923.922,3212.469,3.47184,0.06606,0.08756
B0006,62,2008-05-02T08:44:40,24.0,1.60352,39.47197,15.54304,2914.422,3213.219,3.46318,0.0659,0.08821
B0006,63,2008-05-02T13:43:05,24.0,1.59897,39.7401,15.67724,2905.203,3203.578,3.46347,0.06791,0.08832
B0006,64,2008-05-02T19:07:48,24.0,1.58763,39.036,14.59836,2886.484,3195.125,3.46022,0.06674,0.08858
B0006,65,2008-05-02T23:24:17,24.0,1.58297,39.16106,14.85922,2877.422,3195.313,3.46257,0.06674,0.08858
B0006,66,2008-05-03T04:13:08,24.0,1.56714,39.20052,15.08433,2849.25,3186.297,3.45371,0.06641,0.0895
B0006,67,2008-05-03T09:10:19,24.0,1.56134,39.15878,15.20088,2839.0,3176.438,3.4514,0.06687,0.08981
B0006,68,2008-05-03T14:04:34,24.0,1.55117,39.18226,15.2204,2820.656,3167.593,3.45078,0.06756,0.09093
B0006,69,2008-05-03T18:58:13,24.0,1.54067,39.38159,15.34966,2811.109,3167.719,3.44611,0.06768,0.09098
B0006,70,2008-05-03T23:42:30,24.0,1.52531,39.44713,15.39233,2783.469,3159.078,3.44182,0.06797,0.09232
B0006,71,2008-05-04T04:41:40,24.0,1.53016,39.40951,15.40465,2782.891,3148.829,3.44501,0.06833,0.09202
B0006,72,2008-05-04T09:40:11,24.0,1.52466,39.48443,15.49621,2772.954,3149.094,3.44116,0.06885,0.09258
B0006,73,2008-05-04T14:38:13,24.0,1.51455,39.44168,15.46695,2754.844,3140.547,3.44362,0.06907,0.09349
B0006,74,2008-05-04T19:37:07,24.0,1.50939,39.53866,15.56648,2745.797,3131.625,3.43994,0.06871,0.09388
B0006,75,2008-05-05T00:35:53,24.0,1.504,39.58675,15.69003,2735.985,3121.907,3.43603,0.06953,0.09419
B0006,76,2008-05-05T05:28:13,24.0,1.49352,39.49975,15.65088,2717.281,3122.125,3.43631,0.06825,0.09344
B0006,77,2008-05-05T11:41:31,24.0,1.48763,39.96864,16.09499,2716.563,3121.672,3.43047,0.0696,0.09561
B0006,78,2008-05-05T20:40:08,24.0,1.53029,40.42668,15.97218,2792.61,3120.86,3.44173,0.0696,0.09561
B0006,79,2008-05-06T01:38:46,24.0,1.50408,40.02451,16.21033,2727.11,3103.828,3.43554,0.06944,0.09509
B0006,80,2008-05-06T06:37:06,24.0,1.48876,40.02167,16.62826,2718.407,3095.094,3.42723,0.06924,0.09541
B0006,81,2008-05-06T11:25:21,24.0,1.47828,40.07821,16.58328,2690.0,3095.781,3.43075,0.07018,0.0958
B0006,82,2008-05-06T16:23:36,24.0,1.47846,40.56579,16.61702,2689.328,3094.328,3.43088,0.07032,0.0953
B0006,83,2008-05-06T21:21:49,24.0,1.47321,40.75221,16.44658,2680.735,3086.531,3.43198,0.06931,0.09455
B0006,84,2008-05-07T02:17:25,24.0,1.46752,40.71163,16.5452,2670.328,3085.625,3.42691,0.07066,0.09558
B0006,85,2008-05-07T07:04:02,24.0,1.45163,40.58721,16.60642,2651.578,3067.203,3.42204,0.07049,0.09637
B0006,86,2008-05-07T12:01:49,24.0,1.45192,40.37036,16.72838,2642.938,3058.157,3.42027,0.07125,0.09693
B0006,87,2008-05-07T16:59:29,24.0,1.44715,40.66792,16.83848,2633.734,3058.812,3.42482,0.07291,0.09686
B0006,88,2008-05-07T21:56:09,24.0,1.44685,40.99036,16.78051,2633.359,3058.578,3.4235,0.07251,0.0966
B0006,89,2008-05-08T02:53:49,24.0,1.44167,40.99774,16.72452,2624.14,3049.328,3.42474,0.07089,0.09741
B0006,90,2008-05-09T12:25:07,24.0,1.59359,40.77266,16.71448,2896.25,3177.219,3.4507,0.07141,0.09615
B0006,91,2008-05-09T20:28:09,24.0,1.54639,40.5222,15.84548,2811.422,3082.937,3.44805,0.07075,0.09048
B0006,92,2008-05-10T01:21:56,24.0,1.51471,40.57747,15.86372,2755.203,3074.266,3.43995,0.0703,0.09305
B0006,93,2008-05-10T06:18:12,24.0,1.49898,40.51696,16.04975,2727.078,3066.0,3.43411,0.07157,0.09367
B0006,94,2008-05-10T11:16:04,24.0,1.48311,40.34325,16.1186,2698.468,3056.437,3.43256,0.07235,0.0944
B0006,95,2008-05-10T16:11:56,24.0,1.47297,40.39341,16.27983,2680.359,3048.219,3.42706,0.07034,0.09507
B0006,96,2008-05-10T21:07:54,24.0,1.46276,40.46341,16.31106,2661.859,3039.218,3.42734,0.07148,0.09547
B0006,97,2008-05-11T02:05:21,24.0,1.45184,40.58183,16.38922,2651.781,3039.047,3.42348,0.07178,0.09679
B0006,98,2008-05-11T06:55:27,24.0,1.44687,40.61671,16.3781,2633.688,3030.375,3.4221,0.07218,0.09732
B0006,99,2008-05-11T11:52:47,24.0,1.44138,40.63165,16.44062,2623.813,3021.0,3.42188,0.07276,0.09742
B0006,100,2008-05-11T16:49:58,24.0,1.43121,40.74323,16.51676,2615.031,3021.75,3.41958,0.07161,0.09618
B0006,101,2008-05-11T21:47:12,24.0,1.42602,40.81715,16.59537,2605.781,3012.265,3.41753,0.07236,0.09801
B0006,102,2008-05-12T02:36:58,24.0,1.42049,40.72878,16.51069,2586.453,3002.641,3.41979,0.07217,0.09754
B0006,103,2008-05-12T12:56:34,24.0,1.4207,41.45494,17.18795,2595.875,3012.0,3.41714,0.07328,0.09817
B0006,104,2008-05-12T18:59:59,24.0,1.45226,41.39679,16.38627,2642.735,3020.11,3.43053,0.07255,0.094
B0006,105,2008-05-12T23:53:17,24.0,1.43156,41.36669,16.54685,2605.86,3002.172,3.42508,0.07374,0.09682
B0006,106,2008-05-13T04:35:25,24.0,1.41502,41.37787,16.7161,2585.985,2992.703,3.41713,0.07351,0.09785
B0006,107,2008-05-13T09:24:04,24.0,1.40973,41.14096,16.70984,2567.515,2964.468,3.41752,0.07363,0.09872
B0006,108,2008-05-13T14:20:24,24.0,1.40492,41.21688,16.87461,2557.719,2983.375,3.41816,0.07484,0.09856
B0006,109,2008-05-13T19:04:20,24.0,1.39516,41.40392,16.7093,2540.469,2975.297,3.42033,0.07423,0.09795
B0006,110,2008-05-13T23:59:26,24.0,1.39453,41.58657,16.75278,2539.938,2974.985,3.41929,0.07359,0.09794
B0006,111,2008-05-14T04:55:57,24.0,1.38932,41.43504,16.86401,2530.704,2966.25,3.41435,0.07429,0.09783
B0006,112,2008-05-14T09:52:22,24.0,1.38384,41.37437,17.00058,2520.593,2956.359,3.4127,0.07436,0.1003
B0006,113,2008-05-14T14:35:22,24.0,1.37368,41.66478,17.03585,2511.235,2956.344,3.41041,0.07309,0.10029
B0006,114,2008-05-14T19:31:39,24.0,1.37861,41.81817,16.90951,2511.281,2956.406,3.41442,0.07391,0.10035
B0006,115,2008-05-15T00:27:55,24.0,1.37376,41.68665,16.89975,2502.672,2947.266,3.41317,0.07406,0.09904
B0006,116,2008-05-15T05:24:04,24.0,1.36826,41.56538,17.01045,2492.906,2937.984,3.4107,0.07434,0.10068
B0006,117,2008-05-15T10:20:03,24.0,1.3633,41.46395,17.13752,2483.625,2929.125,3.40891,0.07498,0.10038
B0006,118,2008-05-15T15:10:59,24.0,1.3581,41.61236,17.03706,2474.141,2928.454,3.41341,0.07363,0.10034
B0006,119,2008-05-15T19:56:47,24.0,1.35327,42.00754,17.01396,2474.578,2929.375,3.41122,0.07496,0.09867
B0006,120,2008-05-16T16:54:59,24.0,1.38416,41.61679,16.45157,2511.438,2946.031,3.41552,0.07513,0.09989
B0006,121,2008-05-16T21:37:39,24.0,1.40515,41.80245,16.6331,2558.422,2955.438,3.42298,0.07513,0.09989
B0006,122,2008-05-17T02:32:13,24.0,1.37872,41.653,16.83157,2521.078,2937.625,3.41476,0.07593,0.10033
B0006,123,2008-05-17T07:25:19,24.0,1.36827,41.36062,16.90076,2493.094,2929.078,3.41436,0.07551,0.10116
B0006,124,2008-05-17T12:21:15,24.0,1.35732,41.42816,17.11122,2482.75,2918.375,3.40919,0.07461,0.10146
B0006,125,2008-05-17T17:15:37,24.0,1.35249,41.34327,17.04391,2465.031,2919.812,3.41193,0.07488,0.1006
B0006,126,2008-05-17T22:10:51,24.0,1.34741,41.38119,17.11623,2455.641,2900.422,3.40944,0.07528,0.10255
B0006,127,2008-05-18T03:05:19,24.0,1.33701,41.37845,17.1444,2446.485,2901.375,3.40819,0.075,0.10139
B0006,128,2008-05-18T08:00:50,24.0,1.33124,41.3066,17.22259,2436.234,2901.187,3.40738,0.07636,0.10143
B0006,129,2008-05-18T12:44:48,24.0,1.32593,41.20408,17.17134,2417.281,2891.64,3.40859,0.07478,0.10281
B0006,130,2008-05-18T17:36:29,24.0,1.32158,41.32956,17.29451,2418.328,2882.906,3.40484,0.07601,0.10207
B0006,131,2008-05-18T22:31:45,24.0,1.32123,41.30037,17.23324,2408.797,2883.265,3.40811,0.07632,0.10243
B0006,132,2008-05-19T03:27:07,24.0,1.31565,41.24365,17.23969,2398.89,2882.969,3.40917,0.075,0.1026
B0006,133,2008-05-19T15:34:33,24.0,1.3209,41.36465,16.69943,2408.391,2891.656,3.41108,0.07656,0.10302
B0006,134,2008-05-19T20:59:48,24.0,1.34743,40.89286,16.0875,2455.89,2901.25,3.41675,0.07656,0.10302
B0006,135,2008-05-20T01:16:42,24.0,1.32601,40.65296,16.08419,2417.5,2891.703,3.41697,0.07656,0.10302
B0006,136,2008-05-20T06:12:06,24.0,1.31012,40.58411,16.26884,2398.625,2883.016,3.41058,0.07628,0.10209
B0006,137,2008-05-20T11:07:23,24.0,1.30522,40.32278,16.31899,2380.031,2873.453,3.41133,0.07628,0.10123
B0006,138,2008-05-20T15:57:27,24.0,1.30041,40.78033,16.41963,2380.594,2874.031,3.40813,0.07559,0.1017
B0006,139,2008-05-20T20:50:39,24.0,1.30024,40.85732,16.23554,2371.25,2874.234,3.41257,0.07437,0.10195
B0006,140,2008-05-21T01:39:38,24.0,1.28951,40.7486,16.38616,2361.609,2864.984,3.40769,0.07555,0.10339
B0006,141,2008-05-21T06:24:27,24.0,1.27925,40.47228,16.41399,2343.39,2855.093,3.40735,0.07544,0.1019
B0006,142,2008-05-21T11:18:06,24.0,1.27921,40.28188,16.44184,2333.375,2855.625,3.40929,0.07528,0.10213
B0006,143,2008-05-21T16:10:21,24.0,1.27404,40.63757,16.52142,2333.281,2855.594,3.40955,0.07504,0.10235
B0006,144,2008-05-21T21:02:09,24.0,1.27413,40.64243,16.39406,2324.453,2847.437,3.41032,0.07493,0.10317
B0006,145,2008-05-22T01:42:59,24.0,1.26376,40.38713,16.41437,2305.797,2847.36,3.40927,0.07556,0.10172
B0006,146,2008-05-22T06:32:40,24.0,1.25814,40.15316,16.47317,2295.922,2837.328,3.40944,0.07529,0.10399
B0006,147,2008-05-22T11:23:22,24.0,1.25326,40.26212,16.72958,2296.343,2837.281,3.40389,0.07696,0.10278
B0006,148,2008-05-22T16:17:58,24.0,1.25323,40.65438,16.75399,2296.156,2838.515,3.40659,0.07582,0.10411
B0006,149,2008-05-22T20:59:50,24.0,1.24809,40.41022,16.48305,2277.344,2828.328,3.40959,0.07591,0.10494
B0006,150,2008-05-23T12:13:16,24.0,1.25344,40.49522,16.932,2287.047,2838.265,3.40941,0.07629,0.10647
B0006,151,2008-05-23T20:14:29,24.0,1.2898,41.35788,17.17489,2351.953,2864.547,3.41955,0.07445,0.09763
B0006,152,2008-05-24T01:09:21,24.0,1.26354,41.37903,17.24113,2305.328,2846.39,3.41518,0.07529,0.10131
B0006,153,2008-05-24T06:00:20,24.0,1.24798,41.20921,17.24611,2277.36,2837.969,3.41546,0.07525,0.10263
B0006,154,2008-05-24T10:42:50,24.0,1.23212,41.20631,17.3535,2258.25,2838.156,3.41303,0.0758,0.10338
B0006,155,2008-05-24T15:31:10,24.0,1.22711,41.28239,17.52936,2249.265,2829.843,3.40945,0.07634,0.10459
B0006,156,2008-05-24T20:21:13,24.0,1.22174,41.15957,17.43823,2230.453,2829.625,3.41385,0.07549,0.10416
B0006,157,2008-05-25T01:06:49,24.0,1.2111,41.23043,17.47061,2220.75,2819.437,3.4109,0.07568,0.10499
B0006,158,2008-05-25T05:57:17,24.0,1.20562,41.21488,17.55256,2211.188,2819.579,3.41057,0.0764,0.10626
B0006,159,2008-05-25T10:51:37,24.0,1.20089,41.2744,17.61271,2202.39,2810.672,3.40965,0.07554,0.10325
B0006,160,2008-05-25T15:37:08,24.0,1.19059,41.23767,17.51306,2183.875,2811.485,3.41286,0.07759,0.10473
B0006,161,2008-05-25T20:23:04,24.0,1.18518,41.24068,17.47862,2174.469,2802.422,3.41345,0.07914,0.10411
B0006,162,2008-05-26T01:13:02,24.0,1.17967,41.28134,17.47527,2164.578,2801.625,3.41439,0.07703,0.1043
B0006,163,2008-05-26T06:01:08,24.0,1.1746,41.28339,17.56986,2155.406,2802.031,3.41242,0.07559,0.10545
B0006,164,2008-05-26T10:44:38,24.0,1.15382,41.14919,17.44185,2117.953,2793.39,3.41481,0.0768,0.10506
B0006,165,2008-05-26T15:30:43,24.0,1.1644,41.26268,17.47122,2127.562,2793.39,3.41662,0.07773,0.10553
B0006,166,2008-05-26T20:21:04,24.0,1.1588,41.45792,17.65502,2126.907,2792.485,3.41213,0.0765,0.10668
B0006,167,2008-05-27T15:52:41,24.0,1.17497,41.11666,16.41806,2155.719,2802.016,3.4197,0.07693,0.1059
B0006,168,2008-05-27T20:45:42,24.0,1.18568,41.36264,16.45491,2164.687,2820.39,3.42347,0.07693,0.1059
B0007,1,2008-04-02T15:25:41,24.0,1.89105,40.59043,16.65339,3507.328,3690.234,3.52201,,
B0007,2,2008-04-02T19:43:48,24.0,1.88064,40.26023,15.99315,3489.219,3672.344,3.53195,,
B0007,3,2008-04-03T00:01:06,24.0,1.88066,40.27559,15.94701,3489.094,3651.641,3.5344,,
B0007,4,2008-04-03T04:16:37,24.0,1.88077,40.29315,16.0643,3489.297,3631.563,3.53493,,
B0007,5,2008-04-03T08:33:25,24.0,1.87945,40.26887,16.13057,3487.172,3629.172,3.53454,,
B0007,6,2008-04-03T12:55:10,24.0,1.8807,39.67621,15.52824,3469.188,3652.281,3.54116,,
B0007,7,2008-04-03T17:17:16,24.0,1.87994,39.80382,15.5483,3468.094,3650.828,3.54117,,
B0007,8,2008-04-03T21:28:14,24.0,1.88151,39.8881,15.58515,3471.015,3572.453,3.54946,,
B0007,9,2008-04-04T01:38:15,24.0,1.86969,39.95162,15.69409,3469.344,3550.594,3.55028,,
B0007,10,2008-04-04T05:48:08,24.0,1.87005,40.05202,15.86244,3470.047,3551.25,3.54813,,
B0007,11,2008-04-04T09:57:19,24.0,1.87004,40.12138,16.05873,3469.563,3530.25,3.54843,,
B0007,12,2008-04-04T17:56:27,24.0,1.85965,40.17466,15.83978,3450.594,3491.016,3.55604,,
B0007,13,2008-04-04T22:01:54,24.0,1.85907,40.01643,15.66436,3450.109,3470.281,3.56048,,
B0007,14,2008-04-05T02:20:26,24.0,1.85901,40.16569,16.03252,3449.844,3470.0,3.55629,,
B0007,15,2008-04-05T06:25:01,24.0,1.85936,39.4614,15.3889,3430.156,3450.297,3.56477,,
B0007,16,2008-04-05T10:30:32,24.0,1.85874,39.56366,15.62553,3429.407,3429.407,3.56544,,
B0007,17,2008-04-05T14:34:41,24.0,1.84782,39.62895,15.69693,3409.484,3409.484,3.56596,,
B0007,18,2008-04-05T18:39:25,24.0,1.84853,39.22535,15.23969,3390.422,3390.422,3.5725,,
B0007,19,2008-04-05T22:46:35,24.0,1.84838,39.41263,15.42448,3390.281,3390.281,3.56995,,
B0007,20,2008-04-18T21:10:19,24.0,1.88078,39.95874,15.60006,3490.078,3591.734,3.54643,0.03817,0.06158
B0007,21,2008-04-19T02:29:09,24.0,1.88147,40.31302,15.65816,3491.235,3552.297,3.5532,0.03971,0.06181
B0007,22,2008-04-19T07:47:15,24.0,1.8811,39.35945,15.04514,3470.828,3531.578,3.55993,0.0384,0.061
B0007,23,2008-04-19T13:01:42,24.0,1.87101,39.45416,15.50745,3472.563,3492.907,3.55956,0.03711,0.06008
B0007,24,2008-04-19T18:27:29,24.0,1.8702,39.64175,15.84664,3471.016,3511.594,3.55239,0.03783,0.06129
B0007,25,2008-04-19T23:41:55,24.0,1.87067,38.86907,15.1318,3431.937,3431.937,3.57077,0.03752,0.06007
B0007,26,2008-04-20T04:54:41,24.0,1.85961,39.1184,15.46613,3431.125,3431.125,3.56572,0.0374,0.06123
B0007,27,2008-04-20T10:16:28,24.0,1.86003,38.68011,15.1535,3412.406,3412.406,3.57128,0.03592,0.06057
B0007,28,2008-04-20T15:37:05,24.0,1.85917,38.86305,15.3759,3410.688,3410.688,3.56797,0.03739,0.06132
B0007,29,2008-04-20T20:50:38,24.0,1.84814,39.14531,15.64201,3410.718,3410.718,3.56463,0.03789,0.06033
B0007,30,2008-04-21T02:15:02,24.0,1.8492,38.83806,15.31747,3392.719,3392.719,3.56898,0.03716,0.06103
B0007,31,2008-04-22T15:33:49,24.0,1.88347,38.95965,15.42017,3460.828,3470.672,3.56462,0.04119,0.06848
B0007,32,2008-04-22T20:26:18,24.0,1.86282,39.05388,15.09958,3414.109,3414.109,3.56944,0.04176,0.06446
B0007,33,2008-04-23T01:18:11,24.0,1.85209,38.69955,14.96388,3395.219,3395.219,3.56874,0.04233,0.06414
B0007,34,2008-04-23T06:18:19,24.0,1.84695,38.60524,15.29543,3386.0,3386.0,3.56424,0.03967,0.06334
B0007,35,2008-04-23T11:08:00,24.0,1.83683,38.42605,15.1201,3368.187,3368.187,3.5653,0.04047,0.06397
B0007,36,2008-04-23T16:06:25,24.0,1.83716,39.0469,15.30789,3368.266,3368.266,3.56543,0.04083,0.06292
B0007,37,2008-04-23T21:02:58,24.0,1.83167,38.83676,15.34914,3358.719,3358.719,3.56223,0.04079,0.06339
B0007,38,2008-04-24T01:51:33,24.0,1.82115,38.49981,15.24022,3339.5,3339.5,3.56448,0.03982,0.06447
B0007,39,2008-04-24T06:50:00,24.0,1.81651,38.58234,15.55482,3331.265,3331.265,3.56161,0.03879,0.06281
B0007,40,2008-04-24T11:49:24,24.0,1.81138,38.7875,15.59193,3321.188,3321.188,3.56306,0.04136,0.06409
B0007,41,2008-04-24T16:45:56,24.0,1.81161,39.31221,15.55279,3321.844,3321.844,3.56295,0.04199,0.06291
B0007,42,2008-04-24T21:38:11,24.0,1.80605,39.40568,15.41336,3311.828,3311.828,3.56345,0.04106,0.06183
B0007,43,2008-04-25T12:03:44,24.0,1.8132,39.32803,15.61064,3327.391,3327.391,3.564,0.03971,0.06308
B0007,44,2008-04-25T20:03:55,24.0,1.80626,38.61125,15.08136,3312.078,3312.078,3.56049,0.03971,0.06308
B0007,45,2008-04-26T01:04:35,24.0,1.79583,38.56973,15.48165,3293.172,3293.172,3.5567,0.04659,0.06939
B0007,46,2008-04-26T05:57:35,24.0,1.78589,38.34572,15.35479,3275.328,3275.328,3.55841,0.04506,0.06928
B0007,47,2008-04-26T10:58:25,24.0,1.78033,38.48254,15.50726,3265.016,3265.016,3.55614,0.04581,0.06967
B0007,48,2008-04-29T12:15:56,24.0,1.81508,41.04994,14.58085,3328.937,3328.937,3.569,0.04581,0.06967
B0007,49,2008-04-29T17:05:27,24.0,1.8157,40.36194,14.97559,3329.266,3329.266,3.57106,0.04889,0.06969
B0007,50,2008-04-29T22:00:04,24.0,1.80024,39.6677,15.1404,3301.579,3301.579,3.56669,0.04806,0.06989
B0007,51,2008-04-30T02:43:55,24.0,1.79045,39.48118,15.43218,3283.563,3283.563,3.56333,0.04751,0.07037
B0007,52,2008-04-30T07:41:42,24.0,1.78034,39.41905,15.69428,3275.125,3275.125,3.55901,0.04818,0.07048
B0007,53,2008-04-30T12:28:49,24.0,1.77533,39.72196,15.97872,3265.656,3265.656,3.55669,0.04853,0.07035
B0007,54,2008-04-30T17:20:16,24.0,1.77026,40.04137,15.96969,3256.203,3266.093,3.55501,0.04975,0.07096
B0007,55,2008-04-30T22:14:54,24.0,1.76008,39.66314,15.80577,3247.782,3257.594,3.55264,0.04989,0.06989
B0007,56,2008-05-01T03:15:33,24.0,1.74965,39.84752,16.10475,3228.953,3248.593,3.54719,0.04762,0.0696
B0007,57,2008-05-01T08:16:03,24.0,1.74965,39.74336,16.15572,3238.766,3238.766,3.54681,0.04648,0.0711
B0007,58,2008-05-01T13:14:24,24.0,1.74503,40.07247,16.35708,3210.75,3240.14,3.54479,0.04797,0.07089
B0007,59,2008-05-01T18:11:10,24.0,1.73965,40.24772,16.02145,3200.734,3230.109,3.54652,0.04823,0.07098
B0007,60,2008-05-01T23:10:15,24.0,1.72856,40.27221,16.2536,3190.687,3229.781,3.54083,0.04909,0.07023
B0007,61,2008-05-02T03:53:34,24.0,1.7239,39.89848,16.03033,3173.25,3212.469,3.54299,0.04882,0.07189
B0007,62,2008-05-02T08:44:40,24.0,1.71398,40.05713,16.37786,3164.344,3213.219,3.53608,0.04889,0.07013
B0007,63,2008-05-02T13:43:05,24.0,1.71397,40.24071,16.39881,3164.406,3203.578,3.53924,0.04742,0.06908
B0007,64,2008-05-02T19:07:48,24.0,1.70365,40.12942,15.89029,3156.063,3195.125,3.53482,0.04846,0.07084
B0007,65,2008-05-02T23:24:17,24.0,1.70401,40.39597,16.29522,3146.297,3195.313,3.53665,0.04846,0.07084
B0007,66,2008-05-03T04:13:08,24.0,1.69357,40.18751,16.28992,3127.594,3186.297,3.53521,0.04891,0.07224
B0007,67,2008-05-03T09:10:19,24.0,1.68766,40.14605,16.39092,3107.782,3176.438,3.53299,0.05049,0.07148
B0007,68,2008-05-03T14:04:34,24.0,1.68307,40.18846,16.45149,3099.046,3167.593,3.53216,0.04965,0.07282
B0007,69,2008-05-03T18:58:13,24.0,1.67793,40.27895,16.48767,3089.531,3167.719,3.53084,0.0498,0.07184
B0007,70,2008-05-03T23:42:30,24.0,1.67321,40.31073,16.47354,3090.625,3159.078,3.5297,0.0496,0.07212
B0007,71,2008-05-04T04:41:40,24.0,1.66744,40.31734,16.53697,3070.438,3148.829,3.52818,0.04933,0.07264
B0007,72,2008-05-04T09:40:11,24.0,1.66227,40.33256,16.56228,3061.125,3149.094,3.52657,0.04825,0.07344
B0007,73,2008-05-04T14:38:13,24.0,1.65742,40.43126,16.66931,3062.313,3140.547,3.5245,0.05002,0.07382
B0007,74,2008-05-04T19:37:07,24.0,1.65254,40.46248,16.70832,3053.359,3131.625,3.52285,0.04746,0.07256
B0007,75,2008-05-05T00:35:53,24.0,1.64722,40.40103,16.70865,3033.719,3121.907,3.52228,0.04889,0.0729
B0007,76,2008-05-05T05:28:13,24.0,1.63641,40.4427,16.7915,3033.953,3122.125,3.51899,0.04904,0.07202
B0007,77,2008-05-05T11:41:31,24.0,1.63626,40.26215,16.64438,3023.891,3121.672,3.51778,0.04862,0.07223
B0007,78,2008-05-05T20:40:08,24.0,1.64112,40.64567,16.46785,3032.735,3120.86,3.52122,0.04862,0.07223
B0007,79,2008-05-06T01:38:46,24.0,1.63157,39.95209,16.39907,3005.985,3103.828,3.51722,0.04831,0.0745
B0007,80,2008-05-06T06:37:06,24.0,1.62121,40.16503,17.00667,3006.907,3095.094,3.5125,0.04808,0.07404
B0007,81,2008-05-06T11:25:21,24.0,1.61643,40.36674,17.10498,2988.141,3095.781,3.51296,0.0489,0.07194
B0007,82,2008-05-06T16:23:36,24.0,1.61582,40.88269,17.17681,2996.391,3094.328,3.51252,0.05061,0.074
B0007,83,2008-05-06T21:21:49,24.0,1.61672,40.85633,16.79151,2978.578,3086.531,3.51515,0.05513,0.07463
B0007,84,2008-05-07T02:17:25,24.0,1.61087,40.77802,16.82302,2977.906,3085.625,3.51344,0.05212,0.0753
B0007,85,2008-05-07T07:04:02,24.0,1.60066,40.58293,16.86996,2968.968,3067.203,3.50971,0.05078,0.07496
B0007,86,2008-05-07T12:01:49,24.0,1.59592,40.63457,17.2541,2960.328,3058.157,3.50428,0.05127,0.07541
B0007,87,2008-05-07T16:59:29,24.0,1.59622,40.7507,17.16064,2951.062,3058.812,3.50921,0.05136,0.07496
B0007,88,2008-05-07T21:56:09,24.0,1.59581,41.06724,17.08517,2941.156,3058.578,3.50951,0.05195,0.0747
B0007,89,2008-05-08T02:53:49,24.0,1.59065,41.40591,17.34702,2951.281,3049.328,3.5052,0.05129,0.07539
B0007,90,2008-05-09T12:25:07,24.0,1.68882,41.01559,17.16497,3118.438,3177.219,3.52812,0.05503,0.07706
B0007,91,2008-05-09T20:28:09,24.0,1.62599,41.31851,16.88237,3014.437,3082.937,3.51959,0.05527,0.07666
B0007,92,2008-05-10T01:21:56,24.0,1.61574,41.4003,16.90867,2996.0,3074.266,3.51463,0.05324,0.07558
B0007,93,2008-05-10T06:18:12,24.0,1.60566,41.25081,17.02192,2977.969,3066.0,3.51155,0.05273,0.07574
B0007,94,2008-05-10T11:16:04,24.0,1.59497,40.95363,16.95049,2958.375,3056.437,3.51077,0.0541,0.07606
B0007,95,2008-05-10T16:11:56,24.0,1.59041,40.98902,17.10171,2950.281,3048.219,3.50804,0.05338,0.07688
B0007,96,2008-05-10T21:07:54,24.0,1.58535,41.02623,17.09023,2941.203,3039.218,3.50775,0.05524,0.07884
B0007,97,2008-05-11T02:05:21,24.0,1.57997,41.01371,17.03025,2931.156,3039.047,3.50667,0.05444,0.07785
B0007,98,2008-05-11T06:55:27,24.0,1.57522,41.04923,17.04737,2922.656,3030.375,3.50618,0.05405,0.07821
B0007,99,2008-05-11T11:52:47,24.0,1.5698,41.05278,17.07912,2903.266,3021.0,3.5051,0.05335,0.0782
B0007,100,2008-05-11T16:49:58,24.0,1.57026,41.02092,17.00957,2894.515,3021.75,3.50545,0.05355,0.078
B0007,101,2008-05-11T21:47:12,24.0,1.56525,41.3484,17.33407,2904.5,3012.265,3.50007,0.0543,0.07756
B0007,102,2008-05-12T02:36:58,24.0,1.55963,41.23754,17.24038,2894.781,3002.641,3.50116,0.05414,0.07849
B0007,103,2008-05-12T12:56:34,24.0,1.56498,41.217,17.14178,2894.391,3012.0,3.50041,0.05498,0.07864
B0007,104,2008-05-12T18:59:59,24.0,1.57498,41.89753,17.12425,2922.438,3020.11,3.50782,0.05428,0.07538
B0007,105,2008-05-12T23:53:17,24.0,1.56528,41.90271,17.29099,2904.5,3002.172,3.50252,0.05452,0.07817
B0007,106,2008-05-13T04:35:25,24.0,1.55976,41.48234,17.0587,2884.922,2992.703,3.50516,0.05441,0.07817
B0007,107,2008-05-13T09:24:04,24.0,1.5499,41.64116,17.44147,2876.281,2964.468,3.49836,0.05451,0.07651
B0007,108,2008-05-13T14:20:24,24.0,1.54388,41.43388,17.31413,2865.829,2983.375,3.50014,0.05235,0.07726
B0007,109,2008-05-13T19:04:20,24.0,1.54502,41.85436,17.39526,2867.672,2975.297,3.4991,0.05558,0.07723
B0007,110,2008-05-13T23:59:26,24.0,1.54459,41.78271,17.17291,2857.453,2974.985,3.50104,0.05474,0.07902
B0007,111,2008-05-14T04:55:57,24.0,1.53431,41.62745,17.27964,2848.688,2966.25,3.49721,0.05524,0.07994
B0007,112,2008-05-14T09:52:22,24.0,1.52876,41.55213,17.40878,2838.968,2956.359,3.49609,0.05727,0.07942
B0007,113,2008-05-14T14:35:22,24.0,1.52893,41.83917,17.44685,2838.813,2956.344,3.49588,0.05107,0.07876
B0007,114,2008-05-14T19:31:39,24.0,1.52909,42.23999,17.56792,2839.047,2956.406,3.49312,0.05509,0.07807
B0007,115,2008-05-15T00:27:55,24.0,1.52391,42.0409,17.47238,2830.141,2947.266,3.49266,0.05578,0.07824
B0007,116,2008-05-15T05:24:04,24.0,1.51867,41.80343,17.46037,2820.562,2937.984,3.49209,0.05845,0.07809
B0007,117,2008-05-15T10:20:03,24.0,1.51365,41.68869,17.58572,2811.594,2929.125,3.49022,0.05487,0.08114
B0007,118,2008-05-15T15:10:59,24.0,1.51361,41.98817,17.62439,2811.094,2928.454,3.49059,0.0569,0.07887
B0007,119,2008-05-15T19:56:47,24.0,1.51395,42.33252,17.58058,2811.922,2929.375,3.49114,0.05574,0.08006
B0007,120,2008-05-16T16:54:59,24.0,1.53396,41.63554,16.67367,2848.203,2946.031,3.49284,0.05446,0.07792
B0007,121,2008-05-16T21:37:39,24.0,1.53914,41.4705,16.51838,2847.609,2955.438,3.50252,0.05446,0.07792
B0007,122,2008-05-17T02:32:13,24.0,1.52362,41.54038,16.94434,2829.875,2937.625,3.49295,0.05604,0.07991
B0007,123,2008-05-17T07:25:19,24.0,1.51358,41.13947,16.92652,2811.578,2929.078,3.49175,0.0572,0.08185
B0007,124,2008-05-17T12:21:15,24.0,1.50779,41.09042,17.00695,2800.922,2918.375,3.49043,0.05534,0.08087
B0007,125,2008-05-17T17:15:37,24.0,1.5032,41.10034,17.03698,2792.734,2919.812,3.48886,0.05705,0.08154
B0007,126,2008-05-17T22:10:51,24.0,1.49782,41.03075,17.01608,2783.203,2900.422,3.48919,0.05776,0.08207
B0007,127,2008-05-18T03:05:19,24.0,1.49285,40.99688,17.00365,2774.032,2901.375,3.48788,0.05759,0.08293
B0007,128,2008-05-18T08:00:50,24.0,1.49241,40.88481,17.02068,2764.062,2901.187,3.48643,0.05671,0.08269
B0007,129,2008-05-18T12:44:48,24.0,1.48748,41.09401,17.29745,2764.375,2891.64,3.48126,0.05872,0.08294
B0007,130,2008-05-18T17:36:29,24.0,1.48254,41.01378,17.22498,2755.75,2882.906,3.48236,0.05711,0.08239
B0007,131,2008-05-18T22:31:45,24.0,1.48279,40.90635,17.07763,2736.328,2883.265,3.48351,0.05702,0.08166
B0007,132,2008-05-19T03:27:07,24.0,1.47697,41.06596,17.31626,2745.547,2882.969,3.47898,0.05771,0.08397
B0007,133,2008-05-19T15:34:33,24.0,1.4819,40.8452,16.38715,2754.922,2891.656,3.4835,0.05687,0.08374
B0007,134,2008-05-19T20:59:48,24.0,1.49814,41.12808,16.55221,2774.062,2901.25,3.48997,0.05687,0.08374
B0007,135,2008-05-20T01:16:42,24.0,1.48208,41.09499,16.75733,2754.75,2891.703,3.4848,0.05687,0.08374
B0007,136,2008-05-20T06:12:06,24.0,1.47712,41.11878,17.02916,2746.016,2883.016,3.47835,0.05466,0.08197
B0007,137,2008-05-20T11:07:23,24.0,1.47208,40.98003,17.20769,2736.453,2873.453,3.47569,0.05855,0.08171
B0007,138,2008-05-20T15:57:27,24.0,1.47225,41.01751,16.88524,2727.062,2874.031,3.48143,0.05828,0.08282
B0007,139,2008-05-20T20:50:39,24.0,1.46701,41.29942,16.90093,2727.625,2874.234,3.47961,0.06554,0.08713
B0007,140,2008-05-21T01:39:38,24.0,1.46177,41.10574,16.94786,2717.937,2864.984,3.47823,0.06344,0.08961
B0007,141,2008-05-21T06:24:27,24.0,1.4567,40.87704,17.04396,2708.89,2855.093,3.47432,0.06409,0.08923
B0007,142,2008-05-21T11:18:06,24.0,1.45135,40.73022,17.11638,2699.031,2855.625,3.47373,0.06494,0.08828
B0007,143,2008-05-21T16:10:21,24.0,1.45162,41.03226,17.14689,2699.047,2855.594,3.47481,0.06309,0.09066
B0007,144,2008-05-21T21:02:09,24.0,1.44682,40.89528,16.86882,2690.641,2847.437,3.4761,0.06357,0.09037
B0007,145,2008-05-22T01:42:59,24.0,1.44676,41.02492,17.26597,2690.782,2847.36,3.46868,0.06354,0.08994
B0007,146,2008-05-22T06:32:40,24.0,1.44138,40.81597,17.35796,2680.906,2837.328,3.4662,0.06363,0.09245
B0007,147,2008-05-22T11:23:22,24.0,1.43625,40.65139,17.3309,2671.406,2837.281,3.46818,0.0659,0.09003
B0007,148,2008-05-22T16:17:58,24.0,1.43682,40.96539,17.29346,2662.484,2838.515,3.46786,0.06435,0.09283
B0007,149,2008-05-22T20:59:50,24.0,1.43629,41.11319,17.40994,2671.594,2828.328,3.46625,0.06477,0.09122
B0007,150,2008-05-23T12:13:16,24.0,1.44186,40.78738,17.46019,2681.64,2838.265,3.46247,0.06353,0.09117
B0007,151,2008-05-23T20:14:29,24.0,1.46721,40.73001,16.74986,2717.672,2864.547,3.48052,0.06422,0.0874
B0007,152,2008-05-24T01:09:21,24.0,1.45186,40.99035,17.07108,2699.781,2846.39,3.47231,0.06644,0.08672
B0007,153,2008-05-24T06:00:20,24.0,1.44714,40.62521,16.87489,2681.594,2837.969,3.47436,0.0633,0.08837
B0007,154,2008-05-24T10:42:50,24.0,1.44179,40.58944,16.95717,2671.86,2838.156,3.47228,0.06146,0.0889
B0007,155,2008-05-24T15:31:10,24.0,1.43163,40.58439,17.04458,2662.843,2829.843,3.47018,0.06382,0.09017
B0007,156,2008-05-24T20:21:13,24.0,1.43181,40.88444,17.37957,2663.469,2829.625,3.4635,0.06455,0.09025
B0007,157,2008-05-25T01:06:49,24.0,1.42626,40.6516,17.10841,2653.156,2819.437,3.46745,0.0625,0.09116
B0007,158,2008-05-25T05:57:17,24.0,1.42609,40.53138,17.06551,2643.375,2819.579,3.46759,0.06335,0.09173
B0007,159,2008-05-25T10:51:37,24.0,1.42126,40.82143,17.37908,2644.359,2810.672,3.46218,0.06729,0.08878
B0007,160,2008-05-25T15:37:08,24.0,1.41633,40.64336,17.13893,2635.344,2811.485,3.46596,0.0658,0.08914
B0007,161,2008-05-25T20:23:04,24.0,1.41658,40.97064,17.43213,2635.969,2802.422,3.46017,0.06707,0.08932
B0007,162,2008-05-26T01:13:02,24.0,1.41084,40.74888,17.15123,2625.656,2801.625,3.46423,0.06491,0.09076
B0007,163,2008-05-26T06:01:08,24.0,1.41099,40.93462,17.42425,2625.843,2802.031,3.4588,0.06468,0.09126
B0007,164,2008-05-26T10:44:38,24.0,1.40617,40.74176,17.23706,2617.109,2793.39,3.46208,0.06477,0.09332
B0007,165,2008-05-26T15:30:43,24.0,1.40634,41.00964,17.45413,2617.297,2793.39,3.45788,0.06469,0.09357
B0007,166,2008-05-26T20:21:04,24.0,1.40046,40.80559,17.20977,2606.547,2792.485,3.46159,0.06493,0.09133
B0007,167,2008-05-27T15:52:41,24.0,1.42179,40.92586,16.43447,2645.328,2802.016,3.46291,0.06243,0.08981
B0007,168,2008-05-27T20:45:42,24.0,1.43246,40.5739,15.83598,2663.968,2820.39,3.47536,0.06243,0.08981
B0018,1,2008-07-07T15:15:28,24.0,1.855,38.1018,14.28228,3367.141,3434.891,3.52755,0.06516,0.09555
B0018,2,2008-07-07T21:53:06,24.0,1.8432,38.14988,13.83509,3347.188,3425.485,3.53484,0.0627,0.09162
B0018,3,2008-07-08T02:56:08,24.0,1.8396,37.52669,13.7828,3341.5,3410.375,3.53825,0.06138,0.09188
B0018,4,2008-07-08T07:58:55,24.0,1.83067,37.06279,13.83494,3325.547,3404.719,3.5377,0.06134,0.09141
B0018,5,2008-07-08T18:57:48,24.0,1.8327,38.21104,13.78897,3327.782,3417.641,3.54267,0.06143,0.09202
B0018,6,2008-07-08T22:57:17,24.0,1.82853,38.17497,13.47968,3321.422,3411.766,3.5451,0.06143,0.09202
B0018,7,2008-07-09T02:56:41,24.0,1.8212,37.64039,13.32673,3298.719,3399.516,3.54751,0.06143,0.09202
B0018,8,2008-07-09T06:55:54,24.0,1.81517,37.37603,13.45876,3287.5,3388.75,3.54481,0.06143,0.09202
B0018,9,2008-07-09T11:26:41,24.0,1.8043,37.28928,13.63464,3278.156,3380.406,3.54348,0.06246,0.08784
B0018,10,2008-07-10T16:34:39,24.0,1.8231,37.52378,13.92577,3311.954,3404.141,3.54313,0.05911,0.0899
B0018,11,2008-07-10T20:33:58,24.0,1.81213,37.7242,13.59591,3292.922,3396.141,3.54516,0.05911,0.0899
B0018,12,2008-07-11T00:30:25,24.0,1.80469,37.41366,13.40266,3270.234,3384.094,3.54503,0.05911,0.0899
B0018,13,2008-07-11T04:28:49,24.0,1.79084,36.94725,13.3927,3245.828,3370.656,3.54409,0.05911,0.0899
B0018,14,2008-07-11T08:59:08,24.0,1.78347,36.70709,13.61659,3232.391,3357.797,3.54132,0.06105,0.08795
B0018,15,2008-07-11T14:27:05,24.0,1.78094,37.13061,13.82707,3236.547,3363.015,3.5412,0.06101,0.08711
B0018,16,2008-07-11T18:25:27,24.0,1.77121,37.6866,13.68648,3220.125,3357.734,3.54126,0.06101,0.08711
B0018,17,2008-07-11T22:22:05,24.0,1.76863,37.63358,13.40316,3206.437,3344.187,3.54275,0.06101,0.08711
B0018,18,2008-07-12T02:18:11,24.0,1.75363,37.15253,13.35686,3180.0,3339.969,3.54125,0.06101,0.08711
B0018,19,2008-07-12T06:45:43,24.0,1.74622,36.78829,13.66097,3167.063,3327.641,3.53503,0.06065,0.08755
B0018,20,2008-07-12T11:15:36,24.0,1.73766,36.54115,13.76018,3162.297,3312.844,3.53266,0.06219,0.08571
B0018,21,2008-07-12T15:13:28,24.0,1.73152,36.37209,13.7897,3140.063,3302.031,3.53331,0.06219,0.08571
B0018,22,2008-07-12T18:52:45,24.0,1.70859,36.52609,13.81201,3110.0,3305.547,3.52739,0.06219,0.08571
B0018,23,2008-07-12T22:50:29,24.0,1.71147,36.47625,13.81446,3104.344,3289.562,3.5296,0.06219,0.08571
B0018,24,2008-07-13T03:19:05,24.0,1.7075,36.37721,13.86904,3097.922,3283.797,3.52897,0.06106,0.08848
B0018,25,2008-07-14T13:08:20,24.0,1.74924,36.64001,14.0221,3171.563,3325.235,3.53227,0.0596,0.08684
B0018,26,2008-07-14T17:03:45,24.0,1.73277,37.38165,13.95111,3152.219,3317.547,3.53244,0.0596,0.08684
B0018,27,2008-07-14T20:57:32,24.0,1.72223,37.59825,13.6313,3123.406,3311.766,3.53632,0.0596,0.08684
B0018,28,2008-07-15T00:49:58,24.0,1.71185,37.56056,13.5962,3105.218,3305.218,3.53354,0.0596,0.08684
B0018,29,2008-07-15T05:14:47,24.0,1.69927,37.52114,13.88722,3094.078,3295.453,3.52701,0.06287,0.08501
B0018,30,2008-07-15T09:43:28,24.0,1.69404,37.21887,13.73399,3073.563,3287.0,3.52926,0.06095,0.08544
B0018,31,2008-07-15T13:36:47,24.0,1.6819,37.33441,13.86409,3051.718,3276.922,3.52782,0.06095,0.08544
B0018,32,2008-07-15T17:29:47,24.0,1.67698,37.73318,13.95967,3042.859,3268.687,3.52569,0.06095,0.08544
B0018,33,2008-07-15T21:21:30,24.0,1.66552,37.84649,13.84503,3022.859,3260.594,3.5244,0.06095,0.08544
B0018,34,2008-07-16T01:45:13,24.0,1.65719,37.67016,13.97298,3008.234,3258.812,3.5208,0.06279,0.08611
B0018,35,2008-07-16T06:12:34,24.0,1.64822,37.53185,14.04005,3014.797,3243.422,3.51946,0.06205,0.0841
B0018,36,2008-07-16T10:05:40,24.0,1.63877,37.59333,14.27033,2999.515,3236.515,3.51317,0.06205,0.0841
B0018,37,2008-07-16T13:57:42,24.0,1.62765,37.36141,14.10897,2966.453,3230.734,3.51722,0.06205,0.0841
B0018,38,2008-07-16T17:51:36,24.0,1.62215,37.8998,14.40632,2956.406,3222.093,3.51201,0.06205,0.0841
B0018,39,2008-07-16T22:13:57,24.0,1.61401,38.0315,14.37707,2953.953,3220.344,3.50911,0.06127,0.08711
B0018,40,2008-07-18T17:28:12,24.0,1.67605,37.4222,14.40566,3053.343,3250.75,3.51611,0.06271,0.08381
B0018,41,2008-07-18T21:19:44,24.0,1.6493,37.32511,13.94241,2994.969,3239.344,3.51901,0.06271,0.08381
B0018,42,2008-07-19T01:10:07,24.0,1.63238,37.31088,14.15686,2987.891,3222.25,3.51242,0.06271,0.08381
B0018,43,2008-07-19T05:01:04,24.0,1.61642,37.23235,14.34706,2947.704,3206.157,3.50815,0.06271,0.08381
B0018,44,2008-07-19T09:25:29,24.0,1.6109,36.94851,14.38216,2926.578,3197.969,3.50865,0.06023,0.08778
B0018,45,2008-07-19T13:53:00,24.0,1.59546,37.00266,14.45003,2921.829,3181.625,3.5052,0.0618,0.08516
B0018,46,2008-07-29T18:34:27,24.0,1.72671,36.71025,13.58525,3143.407,3302.36,3.52317,0.0618,0.08516
B0018,47,2008-07-29T22:21:53,24.0,1.71657,36.72808,13.31911,3115.156,3285.812,3.52727,0.0618,0.08516
B0018,48,2008-07-30T02:09:48,24.0,1.69582,36.72959,13.44935,3077.922,3260.016,3.52676,0.0618,0.08516
B0018,49,2008-07-30T05:57:02,24.0,1.67778,36.78746,13.58285,3045.859,3240.031,3.52302,0.0618,0.08516
B0018,50,2008-07-30T09:52:21,24.0,1.66066,36.75689,13.63293,3014.187,3232.265,3.51979,0.0618,0.08516
B0018,51,2008-07-30T19:28:07,24.0,1.66641,37.35016,13.57668,3025.016,3232.031,3.5251,0.06336,0.08601
B0018,52,2008-07-30T23:16:54,24.0,1.64683,37.48126,13.74722,3001.797,3209.515,3.51852,0.06336,0.08601
B0018,53,2008-07-31T02:46:18,24.0,1.62576,37.12544,13.56577,2953.063,3196.125,3.51908,0.06336,0.08601
B0018,54,2008-07-31T06:15:17,24.0,1.61216,37.19113,13.8815,2939.781,3172.562,3.51142,0.06336,0.08601
B0018,55,2008-07-31T10:10:14,24.0,1.60574,37.17643,14.03245,2928.203,3172.735,3.5108,0.06336,0.08601
B0018,56,2008-08-01T17:46:33,24.0,1.67365,37.11937,14.02459,3038.484,3238.109,3.51433,0.06088,0.08523
B0018,57,2008-08-01T21:32:12,24.0,1.64043,37.27025,13.70302,2979.156,3191.063,3.51967,0.06088,0.08523
B0018,58,2008-08-02T01:17:09,24.0,1.61327,37.39551,13.8542,2942.0,3165.828,3.5124,0.06088,0.08523
B0018,59,2008-08-02T05:03:55,24.0,1.5921,37.37896,13.99065,2904.219,3140.407,3.50779,0.06088,0.08523
B0018,60,2008-08-02T09:26:51,24.0,1.5866,37.24572,14.07797,2883.188,3131.922,3.50766,0.06232,0.08599
B0018,61,2008-08-02T13:55:03,24.0,1.58008,37.21756,14.09725,2871.281,3121.109,3.50748,0.06191,0.08488
B0018,62,2008-08-02T17:41:59,24.0,1.56417,37.56151,14.27512,2854.719,3105.265,3.50239,0.06191,0.08488
B0018,63,2008-08-02T21:29:24,24.0,1.55562,37.41748,14.13325,2827.953,3091.25,3.50369,0.06191,0.08488
B0018,64,2008-08-03T01:16:07,24.0,1.5402,37.55102,14.32716,2824.344,3076.703,3.49899,0.06191,0.08488
B0018,65,2008-08-03T05:39:11,24.0,1.53216,37.59895,14.57174,2797.891,3062.328,3.49541,0.06329,0.08847
B0018,66,2008-08-03T10:08:42,24.0,1.53162,37.48924,14.45762,2809.156,3050.563,3.49453,0.06244,0.08553
B0018,67,2008-08-03T13:54:25,24.0,1.52226,37.37911,14.47609,2768.203,3034.672,3.49626,0.06244,0.08553
B0018,68,2008-08-03T17:42:28,24.0,1.50653,37.5596,14.72612,2763.985,3031.25,3.4877,0.06244,0.08553
B0018,69,2008-08-03T21:26:49,24.0,1.50142,37.61805,14.75024,2755.046,3011.343,3.48655,0.06244,0.08553
B0018,70,2008-08-04T01:48:42,24.0,1.49635,37.71102,14.96682,2746.36,3003.0,3.4823,0.06272,0.09005
B0018,71,2008-08-04T17:08:25,24.0,1.53343,37.76799,14.75811,2812.547,3045.187,3.49182,0.0632,0.0872
B0018,72,2008-08-04T20:55:13,24.0,1.52385,37.91919,14.54652,2783.453,3028.469,3.494,0.0632,0.0872
B0018,73,2008-08-05T00:41:24,24.0,1.50119,37.99329,14.55156,2755.062,3012.937,3.48438,0.0632,0.0872
B0018,74,2008-08-05T04:27:50,24.0,1.49242,37.98484,14.6871,2739.546,2998.875,3.48591,0.0632,0.0872
B0018,75,2008-08-05T08:23:48,24.0,1.48332,37.82889,14.72945,2723.687,2983.547,3.48428,0.0632,0.0872
B0018,76,2008-08-05T12:50:42,24.0,1.48074,37.84484,14.79791,2706.563,2966.86,3.48299,0.06333,0.08798
B0018,77,2008-08-05T16:36:12,24.0,1.47351,37.89846,14.7829,2681.219,2954.797,3.4838,0.06333,0.08798
B0018,78,2008-08-05T20:21:46,24.0,1.46802,38.27784,14.85374,2684.079,2945.735,3.47875,0.06333,0.08798
B0018,79,2008-08-06T00:06:53,24.0,1.45809,38.24434,15.03333,2678.953,2941.375,3.47522,0.06333,0.08798
B0018,80,2008-08-06T04:27:52,24.0,1.44787,38.06956,15.13034,2660.953,2923.953,3.47074,0.06438,0.09108
B0018,81,2008-08-06T08:55:24,24.0,1.45278,37.81745,15.10185,2669.765,2921.031,3.4746,0.06323,0.08763
B0018,82,2008-08-06T12:40:42,24.0,1.44254,37.90257,15.0857,2638.61,2902.75,3.47405,0.06323,0.08763
B0018,83,2008-08-06T16:25:32,24.0,1.43927,38.16628,15.01093,2620.344,2897.875,3.47508,0.06323,0.08763
B0018,84,2008-08-06T20:09:11,24.0,1.42865,38.36789,14.9955,2613.891,2892.094,3.47242,0.06323,0.08763
B0018,85,2008-08-07T00:27:39,24.0,1.4249,38.19824,15.08623,2595.296,2886.921,3.47175,0.06276,0.09225
B0018,86,2008-08-07T19:05:53,24.0,1.46981,38.09998,14.98419,2700.828,2942.531,3.47454,0.06306,0.08879
B0018,87,2008-08-07T22:50:51,24.0,1.45258,38.21452,14.94946,2670.234,2912.469,3.47172,0.06306,0.08879
B0018,88,2008-08-08T02:32:53,24.0,1.44283,37.9397,14.91265,2640.172,2895.594,3.4714,0.06306,0.08879
B0018,89,2008-08-08T06:16:47,24.0,1.42838,38.06667,15.27764,2627.422,2884.406,3.46265,0.06306,0.08879
B0018,90,2008-08-08T10:14:50,24.0,1.41545,37.6326,15.15325,2578.625,2873.766,3.46607,0.06306,0.08879
B0018,91,2008-08-08T20:10:08,24.0,1.45458,38.18224,15.02844,2648.359,2893.375,3.47307,0.06543,0.08843
B0018,92,2008-08-08T23:54:01,24.0,1.42832,38.39075,15.09076,2626.984,2884.984,3.46685,0.06543,0.08843
B0018,93,2008-08-09T03:37:06,24.0,1.4197,38.51623,15.07641,2611.594,2870.234,3.46527,0.06543,0.08843
B0018,94,2008-08-09T07:19:59,24.0,1.41556,38.56612,15.04197,2604.688,2864.11,3.46389,0.06543,0.08843
B0018,95,2008-08-09T11:36:57,24.0,1.40568,38.56065,15.3855,2586.468,2846.64,3.45781,0.06404,0.09164
B0018,96,2008-08-09T15:59:02,24.0,1.40845,38.53842,15.24835,2592.094,2839.532,3.45981,0.06432,0.08681
B0018,97,2008-08-09T19:41:13,24.0,1.39685,38.54887,15.29173,2571.25,2832.703,3.45803,0.06432,0.08681
B0018,98,2008-08-09T23:22:00,24.0,1.39357,38.45838,15.20195,2539.469,2827.078,3.4614,0.06432,0.08681
B0018,99,2008-08-10T03:01:08,24.0,1.38936,38.54383,15.12584,2531.875,2821.531,3.46113,0.06432,0.08681
B0018,100,2008-08-10T07:19:08,24.0,1.37857,38.65088,15.39616,2539.375,2805.156,3.45556,0.06546,0.0925
B0018,101,2008-08-10T11:39:39,24.0,1.3849,38.45655,15.18124,2524.421,2814.906,3.4596,0.06545,0.08884
B0018,102,2008-08-10T15:21:25,24.0,1.37033,38.65641,15.47458,2523.781,2801.156,3.45066,0.06545,0.08884
B0018,103,2008-08-10T19:01:07,24.0,1.37335,38.65559,15.30839,2516.531,2794.187,3.45552,0.06545,0.08884
B0018,104,2008-08-10T22:40:10,24.0,1.36795,38.69971,15.25404,2493.829,2785.391,3.45584,0.06545,0.08884
B0018,105,2008-08-11T02:53:19,24.0,1.35671,38.87482,15.57658,2500.11,2779.5,3.44868,0.06606,0.09024
B0018,106,2008-08-14T13:04:49,24.0,1.46043,37.36397,14.90855,2673.156,2899.234,3.4745,0.06551,0.08957
B0018,107,2008-08-14T16:49:56,24.0,1.4501,37.88259,14.81199,2641.453,2894.922,3.47403,0.06551,0.08957
B0018,108,2008-08-14T20:29:23,24.0,1.43814,38.15898,14.67457,2620.64,2888.25,3.4744,0.06551,0.08957
B0018,109,2008-08-15T00:08:59,24.0,1.42837,38.05243,14.70801,2605.297,2873.906,3.47177,0.06551,0.08957
B0018,110,2008-08-15T03:59:10,24.0,1.41479,37.89096,14.82454,2578.781,2847.406,3.46853,0.06551,0.08957
B0018,111,2008-08-15T08:19:52,24.0,1.41389,37.81204,14.93014,2579.109,2849.281,3.46512,0.06602,0.0894
B0018,112,2008-08-15T12:00:03,24.0,1.39893,37.9592,15.02179,2563.656,2833.688,3.46529,0.06602,0.0894
B0018,113,2008-08-15T15:37:16,24.0,1.39533,38.52104,15.08224,2569.734,2826.453,3.4618,0.06602,0.0894
B0018,114,2008-08-15T19:13:34,24.0,1.39005,38.87869,14.97579,2547.375,2818.312,3.46326,0.06602,0.0894
B0018,115,2008-08-15T23:27:04,24.0,1.38603,38.65119,15.01315,2527.875,2812.719,3.46284,0.06529,0.09139
B0018,116,2008-08-16T03:52:55,24.0,1.38822,38.43424,15.29545,2558.719,2803.5,3.45692,0.06297,0.08791
B0018,117,2008-08-16T07:37:37,24.0,1.37618,38.10388,15.06825,2523.828,2783.25,3.45747,0.06297,0.08791
B0018,118,2008-08-16T11:21:22,24.0,1.36472,38.12743,15.29218,2503.25,2776.391,3.45022,0.06297,0.08791
B0018,119,2008-08-16T15:02:56,24.0,1.35899,38.03963,15.35656,2507.047,2766.516,3.44867,0.06297,0.08791
B0018,120,2008-08-16T19:15:49,24.0,1.34623,37.85658,15.50404,2471.516,2751.516,3.44463,0.06517,0.09571
B0018,121,2008-08-18T14:27:16,24.0,1.42684,37.43017,15.06244,2601.015,2848.859,3.46727,0.06374,0.09115
B0018,122,2008-08-18T18:08:54,24.0,1.40645,37.82641,14.91949,2578.219,2840.016,3.46449,0.06374,0.09115
B0018,123,2008-08-18T21:48:48,24.0,1.39349,38.08307,14.96525,2555.344,2817.375,3.45967,0.06374,0.09115
B0018,124,2008-08-19T01:25:43,24.0,1.38825,37.8828,14.83863,2532.578,2809.234,3.46224,0.06374,0.09115
B0018,125,2008-08-19T05:17:05,24.0,1.37019,37.96027,15.12601,2527.578,2791.187,3.45557,0.06374,0.09115
B0018,126,2008-08-19T09:39:42,24.0,1.3797,37.88051,15.03118,2516.61,2794.016,3.4587,0.06522,0.09035
B0018,127,2008-08-19T13:17:33,24.0,1.36866,38.43416,15.25424,2524.391,2774.719,3.45253,0.06522,0.09035
B0018,128,2008-08-19T16:54:51,24.0,1.36274,38.84749,15.12833,2513.25,2777.844,3.45523,0.06522,0.09035
B0018,129,2008-08-19T20:32:20,24.0,1.36341,38.80283,14.75315,2487.563,2781.125,3.46197,0.06522,0.09035
B0018,130,2008-08-20T00:43:05,24.0,1.35186,38.72699,15.1641,2481.078,2760.906,3.45222,0.0659,0.09201
B0018,131,2008-08-20T05:02:00,24.0,1.3548,38.67192,15.27044,2500.703,2753.25,3.44765,0.06607,0.08896
B0018,132,2008-08-20T08:37:19,24.0,1.34105,38.37181,15.24823,2475.703,2742.843,3.44793,0.06607,0.08896
