mode,freq_khz,fiber_pct,age_h,path_m,upv_mps,row
direct,54,0.0,24.0,0.127,4903.47,0
direct,250,0.0,24.0,0.127,4810.61,0
direct,54,0.0,24.0,0.127,4903.47,1
direct,250,0.0,24.0,0.127,4828.9,1
direct,54,0.0,24.0,0.127,4903.47,2
direct,250,0.0,24.0,0.127,4903.47,2
direct,54,0.0,24.0,0.254,4686.35,3
direct,250,0.0,24.0,0.254,4584.84,3
direct,54,0.0,24.0,0.254,4626.59,4
direct,250,0.0,24.0,0.254,4677.72,4
direct,54,0.0,24.0,0.254,4721.19,5
direct,250,0.0,24.0,0.254,4626.59,5
direct,54,0.0,24.0,0.508,4643.51,6
direct,250,0.0,24.0,0.508,4626.59,6
direct,54,0.0,24.0,0.508,4712.43,7
direct,250,0.0,24.0,0.508,4695.01,7
direct,54,0.0,24.0,0.508,4695.01,8
direct,250,0.0,24.0,0.508,4690.67,8
direct,54,0.0,72.0,0.127,5000.0,9
direct,250,0.0,72.0,0.127,5427.35,9
direct,54,0.0,72.0,0.127,4903.47,10
direct,250,0.0,72.0,0.127,5427.35,10
direct,54,0.0,72.0,0.127,5000.0,11
direct,250,0.0,72.0,0.127,5545.85,11
direct,54,0.0,72.0,0.254,4729.98,12
direct,250,0.0,72.0,0.254,4951.27,12
direct,54,0.0,72.0,0.254,4810.61,13
direct,250,0.0,72.0,0.254,4903.47,13
direct,54,0.0,72.0,0.254,4774.44,14
direct,250,0.0,72.0,0.254,4941.63,14
direct,54,0.0,72.0,0.508,4729.98,15
direct,250,0.0,72.0,0.508,4819.73,15
direct,54,0.0,72.0,0.508,4828.9,16
direct,250,0.0,72.0,0.508,4898.75,16
direct,54,0.0,72.0,0.508,4796.98,17
direct,250,0.0,72.0,0.508,4708.06,17
direct,54,0.0,168.0,0.127,5000.0,18
direct,250,0.0,168.0,0.127,5039.68,18
direct,54,0.0,168.0,0.127,5000.0,19
direct,250,0.0,168.0,0.127,4903.47,19
direct,54,0.0,168.0,0.127,5141.7,20
direct,250,0.0,168.0,0.127,5000.0,20
direct,54,0.0,168.0,0.254,4856.6,21
direct,250,0.0,168.0,0.254,4712.43,21
direct,54,0.0,168.0,0.254,4801.51,22
direct,250,0.0,168.0,0.254,4810.61,22
direct,54,0.0,168.0,0.254,4756.55,23
direct,250,0.0,168.0,0.254,4765.48,23
direct,54,0.0,168.0,0.508,4875.24,24
direct,250,0.0,168.0,0.508,4774.44,24
direct,54,0.0,168.0,0.508,4824.31,25
direct,250,0.0,168.0,0.508,4833.49,25
direct,54,0.0,168.0,0.508,4801.51,26
direct,250,0.0,168.0,0.508,4806.05,26
direct,54,0.0,336.0,0.127,5000.0,27
direct,250,0.0,336.0,0.127,5000.0,27
direct,54,0.0,336.0,0.127,5000.0,28
direct,250,0.0,336.0,0.127,4903.47,28
direct,54,0.0,336.0,0.127,5100.4,29
direct,250,0.0,336.0,0.127,5000.0,29
direct,54,0.0,336.0,0.254,4801.51,30
direct,250,0.0,336.0,0.254,4712.43,30
direct,54,0.0,336.0,0.254,4922.48,31
direct,250,0.0,336.0,0.254,4865.9,31
direct,54,0.0,336.0,0.254,4801.51,32
direct,250,0.0,336.0,0.254,4756.55,32
direct,54,0.0,336.0,0.508,4819.73,33
direct,250,0.0,336.0,0.508,4796.98,33
direct,54,0.0,336.0,0.508,4865.9,34
direct,250,0.0,336.0,0.508,4847.33,34
direct,54,0.0,336.0,0.508,4875.24,35
direct,250,0.0,336.0,0.508,4847.33,35
direct,54,0.0,672.0,0.127,5162.6,36
direct,250,0.0,672.0,0.127,5100.4,36
direct,54,0.0,672.0,0.127,5204.92,37
direct,250,0.0,672.0,0.127,5000.0,37
direct,54,0.0,672.0,0.127,5100.4,38
direct,250,0.0,672.0,0.127,5120.97,38
direct,54,0.0,672.0,0.254,4819.73,39
direct,250,0.0,672.0,0.254,4756.55,39
direct,54,0.0,672.0,0.254,4884.62,40
direct,250,0.0,672.0,0.254,4847.33,40
direct,54,0.0,672.0,0.254,4894.03,41
direct,250,0.0,672.0,0.254,4810.61,41
direct,54,0.0,672.0,0.508,4842.71,42
direct,250,0.0,672.0,0.508,4824.31,42
direct,54,0.0,672.0,0.508,4922.48,43
direct,250,0.0,672.0,0.508,4870.57,43
direct,54,0.0,672.0,0.508,4865.9,44
direct,250,0.0,672.0,0.508,4847.33,44
direct,54,0.0,24.0,0.127,4177.63,45
direct,250,0.0,24.0,0.127,4110.03,45
direct,54,0.0,24.0,0.127,4247.49,46
direct,250,0.0,24.0,0.127,4261.74,46
direct,54,0.0,24.0,0.127,4349.32,47
direct,250,0.0,24.0,0.127,4177.63,47
direct,54,0.0,24.0,0.254,4463.97,48
direct,250,0.0,24.0,0.254,4471.83,48
direct,54,0.0,24.0,0.254,4543.83,49
direct,250,0.0,24.0,0.254,4503.55,49
direct,54,0.0,24.0,0.254,4543.83,50
direct,250,0.0,24.0,0.254,4463.97,50
direct,54,0.0,24.0,0.508,4568.35,51
direct,250,0.0,24.0,0.508,4531.67,51
direct,54,0.0,24.0,0.508,4564.24,52
direct,250,0.0,24.0,0.508,4568.35,52
direct,54,0.0,24.0,0.508,4601.45,53
direct,250,0.0,24.0,0.508,4543.83,53
direct,54,0.0,72.0,0.127,4319.73,54
direct,250,0.0,72.0,0.127,4261.74,54
direct,54,0.0,72.0,0.127,4319.73,55
direct,250,0.0,72.0,0.127,4334.47,55
direct,54,0.0,72.0,0.127,4394.46,56
direct,250,0.0,72.0,0.127,4319.73,56
direct,54,0.0,72.0,0.254,4593.13,57
direct,250,0.0,72.0,0.254,4601.45,57
direct,54,0.0,72.0,0.254,4626.59,58
direct,250,0.0,72.0,0.254,4626.59,58
direct,54,0.0,72.0,0.254,4626.59,59
direct,250,0.0,72.0,0.254,4543.83,59
direct,54,0.0,72.0,0.508,4669.12,60
direct,250,0.0,72.0,0.508,4630.81,60
direct,54,0.0,72.0,0.508,4669.12,61
direct,250,0.0,72.0,0.508,4647.76,61
direct,54,0.0,72.0,0.508,4669.12,62
direct,250,0.0,72.0,0.508,4664.83,62
direct,54,0.0,168.0,0.127,4319.73,63
direct,250,0.0,168.0,0.127,4276.09,63
direct,54,0.0,168.0,0.127,4394.46,64
direct,250,0.0,168.0,0.127,4394.46,64
direct,54,0.0,168.0,0.127,4584.84,65
direct,250,0.0,168.0,0.127,4394.46,65
direct,54,0.0,168.0,0.254,4669.12,66
direct,250,0.0,168.0,0.254,4626.59,66
direct,54,0.0,168.0,0.254,4712.43,67
direct,250,0.0,168.0,0.254,4669.12,67
direct,54,0.0,168.0,0.254,4669.12,68
direct,250,0.0,168.0,0.254,4695.01,68
direct,54,0.0,168.0,0.508,4734.39,69
direct,250,0.0,168.0,0.508,4716.81,69
direct,54,0.0,168.0,0.508,4756.55,70
direct,250,0.0,168.0,0.508,4712.43,70
direct,54,0.0,168.0,0.508,4747.66,71
direct,250,0.0,168.0,0.508,4729.98,71
direct,54,0.0,336.0,0.127,4319.73,72
direct,250,0.0,336.0,0.127,4319.73,72
direct,54,0.0,336.0,0.127,4471.83,73
direct,250,0.0,336.0,0.127,4394.46,73
direct,54,0.0,336.0,0.127,4471.83,74
direct,250,0.0,336.0,0.127,4394.46,74
direct,54,0.0,336.0,0.254,4712.43,75
direct,250,0.0,336.0,0.254,4669.12,75
direct,54,0.0,336.0,0.254,4756.55,76
direct,250,0.0,336.0,0.254,4721.19,76
direct,54,0.0,336.0,0.254,4712.43,77
direct,250,0.0,336.0,0.254,4721.19,77
direct,54,0.0,336.0,0.508,4778.93,78
direct,250,0.0,336.0,0.508,4756.55,78
direct,54,0.0,336.0,0.508,4774.44,79
direct,250,0.0,336.0,0.508,4778.93,79
direct,54,0.0,336.0,0.508,4796.98,80
direct,250,0.0,336.0,0.508,4783.43,80
direct,54,0.0,672.0,0.127,4503.55,81
direct,250,0.0,672.0,0.127,4205.3,81
direct,54,0.0,672.0,0.127,4471.83,82
direct,250,0.0,672.0,0.127,4551.97,82
direct,54,0.0,672.0,0.254,4712.43,83
direct,250,0.0,672.0,0.254,4819.73,83
direct,54,0.0,672.0,0.254,4792.45,84
direct,250,0.0,672.0,0.254,4765.48,84
direct,54,0.0,672.0,0.254,4712.43,85
direct,250,0.0,672.0,0.254,4712.43,85
direct,54,0.0,672.0,0.508,4828.9,86
direct,250,0.0,672.0,0.508,4801.51,86
direct,54,0.0,672.0,0.508,4824.31,87
direct,250,0.0,672.0,0.508,4819.73,87
direct,54,0.0,672.0,0.508,4828.9,88
direct,250,0.0,672.0,0.508,4796.98,88
direct,54,0.0,24.0,0.127,4471.83,89
direct,250,0.0,24.0,0.127,4364.26,89
direct,54,0.0,24.0,0.127,4471.83,90
direct,250,0.0,24.0,0.127,4471.83,90
direct,54,0.0,24.0,0.127,4487.63,91
direct,250,0.0,24.0,0.127,4551.97,91
direct,54,0.0,24.0,0.254,4425.09,92
direct,250,0.0,24.0,0.254,4471.83,92
direct,54,0.0,24.0,0.254,4471.83,93
direct,250,0.0,24.0,0.254,4511.55,93
direct,54,0.0,24.0,0.254,4463.97,94
direct,250,0.0,24.0,0.254,4511.55,94
direct,54,0.0,24.0,0.508,4421.24,95
direct,250,0.0,24.0,0.508,4421.24,95
direct,54,0.0,24.0,0.508,4463.97,96
direct,250,0.0,24.0,0.508,4467.9,96
direct,54,0.0,24.0,0.508,4405.9,97
direct,250,0.0,24.0,0.508,4425.09,97
direct,54,0.0,72.0,0.127,4551.97,98
direct,250,0.0,72.0,0.127,4471.83,98
direct,54,0.0,72.0,0.127,4551.97,99
direct,250,0.0,72.0,0.127,4568.35,99
direct,54,0.0,72.0,0.127,4551.97,100
direct,250,0.0,72.0,0.127,4551.97,100
direct,54,0.0,72.0,0.254,4584.84,101
direct,250,0.0,72.0,0.254,4560.14,101
direct,54,0.0,72.0,0.254,4584.84,102
direct,250,0.0,72.0,0.254,4551.97,102
direct,54,0.0,72.0,0.254,4584.84,103
direct,250,0.0,72.0,0.254,4543.83,103
direct,54,0.0,72.0,0.508,4523.6,104
direct,250,0.0,72.0,0.508,4503.55,104
direct,54,0.0,72.0,0.508,4605.62,105
direct,250,0.0,72.0,0.508,4609.8,105
direct,54,0.0,72.0,0.508,4560.14,106
direct,250,0.0,72.0,0.508,4543.83,106
direct,54,0.0,168.0,0.127,4551.97,107
direct,250,0.0,168.0,0.127,4471.83,107
direct,54,0.0,168.0,0.127,4721.19,108
direct,250,0.0,168.0,0.127,4652.01,108
direct,54,0.0,168.0,0.127,4721.19,109
direct,250,0.0,168.0,0.127,4635.04,109
direct,54,0.0,168.0,0.254,4703.7,110
direct,250,0.0,168.0,0.254,4669.12,110
direct,54,0.0,168.0,0.254,4712.43,111
direct,250,0.0,168.0,0.254,4669.12,111
direct,54,0.0,168.0,0.254,4712.43,112
direct,250,0.0,168.0,0.254,4669.12,112
direct,54,0.0,168.0,0.508,4643.51,113
direct,250,0.0,168.0,0.508,4609.8,113
direct,54,0.0,168.0,0.508,4721.19,114
direct,250,0.0,168.0,0.508,4690.67,114
direct,54,0.0,168.0,0.508,4673.41,115
direct,250,0.0,168.0,0.508,4652.01,115
direct,54,0.0,336.0,0.127,4847.33,116
direct,250,0.0,336.0,0.127,4635.04,116
direct,54,0.0,336.0,0.127,4828.9,117
direct,250,0.0,336.0,0.127,4635.04,117
direct,54,0.0,336.0,0.127,4810.61,118
direct,250,0.0,336.0,0.127,4721.19,118
direct,54,0.0,336.0,0.254,4801.51,119
direct,250,0.0,336.0,0.254,4712.43,119
direct,54,0.0,336.0,0.254,4810.61,120
direct,250,0.0,336.0,0.254,4712.43,120
direct,54,0.0,336.0,0.254,4894.03,121
direct,250,0.0,336.0,0.254,4721.19,121
direct,54,0.0,336.0,0.508,4712.43,122
direct,250,0.0,336.0,0.508,4669.12,122
direct,54,0.0,336.0,0.508,4778.93,123
direct,250,0.0,336.0,0.508,4734.39,123
direct,54,0.0,336.0,0.508,4729.98,124
direct,250,0.0,336.0,0.508,4716.81,124
direct,54,0.0,672.0,0.127,4635.04,125
direct,250,0.0,672.0,0.127,4810.61,125
direct,54,0.0,672.0,0.127,4738.81,126
direct,250,0.0,672.0,0.127,4686.35,126
direct,54,0.0,672.0,0.127,4721.19,127
direct,250,0.0,672.0,0.127,4721.19,127
direct,54,0.0,672.0,0.254,4819.73,128
direct,250,0.0,672.0,0.254,4847.33,128
direct,54,0.0,672.0,0.254,4819.73,129
direct,250,0.0,672.0,0.254,4712.43,129
direct,54,0.0,672.0,0.254,4765.48,130
direct,250,0.0,672.0,0.254,4721.19,130
direct,54,0.0,672.0,0.508,4729.98,131
direct,250,0.0,672.0,0.508,4729.98,131
direct,54,0.0,672.0,0.508,4774.44,132
direct,250,0.0,672.0,0.508,4761.01,132
direct,54,0.0,672.0,0.508,4729.98,133
direct,250,0.0,672.0,0.508,4690.67,133
direct,54,0.0,24.0,0.127,4319.73,134
direct,250,0.0,24.0,0.127,4394.46,134
direct,54,0.0,24.0,0.127,4394.46,135
direct,250,0.0,24.0,0.127,4471.83,135
direct,54,0.0,24.0,0.127,4394.46,136
direct,250,0.0,24.0,0.127,4394.46,136
direct,54,0.0,24.0,0.254,4425.09,137
direct,250,0.0,24.0,0.254,4425.09,137
direct,54,0.0,24.0,0.254,4503.55,138
direct,250,0.0,24.0,0.254,4503.55,138
direct,54,0.0,24.0,0.254,4425.09,139
direct,250,0.0,24.0,0.254,4425.09,139
direct,54,0.0,24.0,0.508,4421.24,140
direct,250,0.0,24.0,0.508,4402.08,140
direct,54,0.0,24.0,0.508,4479.72,141
direct,250,0.0,24.0,0.508,4499.56,141
direct,54,0.0,24.0,0.508,4460.05,142
direct,250,0.0,24.0,0.508,4440.56,142
direct,54,0.0,72.0,0.127,4551.97,143
direct,250,0.0,72.0,0.127,4394.46,143
direct,54,0.0,72.0,0.127,4568.35,144
direct,250,0.0,72.0,0.127,4551.97,144
direct,54,0.0,72.0,0.127,4618.18,145
direct,250,0.0,72.0,0.127,4551.97,145
direct,54,0.0,72.0,0.254,4601.45,146
direct,250,0.0,72.0,0.254,4551.97,146
direct,54,0.0,72.0,0.254,4686.35,147
direct,250,0.0,72.0,0.254,4626.59,147
direct,54,0.0,72.0,0.254,4593.13,148
direct,250,0.0,72.0,0.254,4584.84,148
direct,54,0.0,72.0,0.508,4584.84,149
direct,250,0.0,72.0,0.508,4564.24,149
direct,54,0.0,72.0,0.508,4643.51,150
direct,250,0.0,72.0,0.508,4626.59,150
direct,54,0.0,72.0,0.508,4605.62,151
direct,250,0.0,72.0,0.508,4609.8,151
direct,54,0.0,168.0,0.127,4635.04,152
direct,250,0.0,168.0,0.127,4551.97,152
direct,54,0.0,168.0,0.127,4721.19,153
direct,250,0.0,168.0,0.127,4669.12,153
direct,54,0.0,168.0,0.127,4738.81,154
direct,250,0.0,168.0,0.127,4584.84,154
direct,54,0.0,168.0,0.254,4686.35,155
direct,250,0.0,168.0,0.254,4618.18,155
direct,54,0.0,168.0,0.254,4712.43,156
direct,250,0.0,168.0,0.254,4712.43,156
direct,54,0.0,168.0,0.254,4686.35,157
direct,250,0.0,168.0,0.254,4626.59,157
direct,54,0.0,168.0,0.508,4669.12,158
direct,250,0.0,168.0,0.508,4643.51,158
direct,54,0.0,168.0,0.508,4734.39,159
direct,250,0.0,168.0,0.508,4712.43,159
direct,54,0.0,168.0,0.508,4716.81,160
direct,250,0.0,168.0,0.508,4686.35,160
direct,54,0.0,336.0,0.127,4756.55,161
direct,250,0.0,336.0,0.127,4652.01,161
direct,54,0.0,336.0,0.127,4635.04,162
direct,250,0.0,336.0,0.127,4635.04,162
direct,54,0.0,336.0,0.127,4721.19,163
direct,250,0.0,336.0,0.127,4551.97,163
direct,54,0.0,336.0,0.254,4729.98,164
direct,250,0.0,336.0,0.254,4626.59,164
direct,54,0.0,336.0,0.254,4756.55,165
direct,250,0.0,336.0,0.254,4677.72,165
direct,54,0.0,336.0,0.254,4738.81,166
direct,250,0.0,336.0,0.254,4721.19,166
direct,54,0.0,336.0,0.508,4716.81,167
direct,250,0.0,336.0,0.508,4721.19,167
direct,54,0.0,336.0,0.508,4796.98,168
direct,250,0.0,336.0,0.508,4752.1,168
direct,54,0.0,336.0,0.508,4729.98,169
direct,250,0.0,336.0,0.508,4712.43,169
direct,54,0.0,672.0,0.127,4652.01,170
direct,250,0.0,672.0,0.127,4535.71,170
direct,54,0.0,672.0,0.127,4810.61,171
direct,250,0.0,672.0,0.127,4652.01,171
direct,54,0.0,672.0,0.127,4903.47,172
direct,250,0.0,672.0,0.127,4635.04,172
direct,54,0.0,672.0,0.254,4756.55,173
direct,250,0.0,672.0,0.254,4677.72,173
direct,54,0.0,672.0,0.254,4847.33,174
direct,250,0.0,672.0,0.254,4756.55,174
direct,54,0.0,672.0,0.254,4765.48,175
direct,250,0.0,672.0,0.254,4669.12,175
direct,54,0.0,672.0,0.508,4783.43,176
direct,250,0.0,672.0,0.508,4712.43,176
direct,54,0.0,672.0,0.508,4824.31,177
direct,250,0.0,672.0,0.508,4806.05,177
direct,54,0.0,672.0,0.508,4806.05,178
direct,250,0.0,672.0,0.508,4761.01,178
semi-direct,54,0.0,24.0,0.533,4880.15,0
semi-direct,250,0.0,24.0,0.533,4788.859,0
semi-direct,54,0.0,24.0,0.445,4879.25,1
semi-direct,250,0.0,24.0,0.445,4779.807,1
semi-direct,54,0.0,24.0,0.342,4980.03,2
semi-direct,250,0.0,24.0,0.342,4730.29,2
semi-direct,54,0.0,24.0,0.229,5171.95,3
semi-direct,250,0.0,24.0,0.229,4851.695,3
semi-direct,54,0.0,24.0,0.499,4857.41,4
semi-direct,250,0.0,24.0,0.499,4743.346,4
semi-direct,54,0.0,24.0,0.401,4852.72,5
semi-direct,250,0.0,24.0,0.401,4382.514,5
semi-direct,54,0.0,24.0,0.284,4956.1,6
semi-direct,250,0.0,24.0,0.284,4956.37,6
semi-direct,54,0.0,24.0,0.18,5160.29,7
semi-direct,250,0.0,24.0,0.18,5504.587,7
semi-direct,54,0.0,24.0,0.13,5352.89,8
semi-direct,250,0.0,24.0,0.13,4436.86,8
semi-direct,54,0.0,24.0,0.483,4870.04,9
semi-direct,250,0.0,24.0,0.483,4712.195,9
semi-direct,54,0.0,24.0,0.381,4810.61,10
semi-direct,250,0.0,24.0,0.381,4612.591,10
semi-direct,54,0.0,24.0,0.254,4865.9,11
semi-direct,250,0.0,24.0,0.254,4584.838,11
semi-direct,54,0.0,24.0,0.13,5223.39,12
semi-direct,250,0.0,24.0,0.13,4676.259,12
semi-direct,54,0.0,72.0,0.533,4994.38,13
semi-direct,250,0.0,72.0,0.533,4858.706,13
semi-direct,54,0.0,72.0,0.445,4949.89,14
semi-direct,250,0.0,72.0,0.445,4874.042,14
semi-direct,54,0.0,72.0,0.342,5076.23,15
semi-direct,250,0.0,72.0,0.342,4935.065,15
semi-direct,54,0.0,72.0,0.262,5150.0,16
semi-direct,250,0.0,72.0,0.262,4897.196,16
semi-direct,54,0.0,72.0,0.229,5291.67,17
semi-direct,250,0.0,72.0,0.229,5180.995,17
semi-direct,54,0.0,72.0,0.499,4998.56,18
semi-direct,250,0.0,72.0,0.499,4950.397,18
semi-direct,54,0.0,72.0,0.401,4936.29,19
semi-direct,250,0.0,72.0,0.401,4872.418,19
semi-direct,54,0.0,72.0,0.284,5052.93,20
semi-direct,250,0.0,72.0,0.284,5008.818,20
semi-direct,54,0.0,72.0,0.18,5328.72,21
semi-direct,250,0.0,72.0,0.18,5172.414,21
semi-direct,54,0.0,72.0,0.13,5442.86,22
semi-direct,250,0.0,72.0,0.13,5462.185,22
semi-direct,54,0.0,72.0,0.483,4970.25,23
semi-direct,250,0.0,72.0,0.483,4844.534,23
semi-direct,54,0.0,72.0,0.381,4872.12,24
semi-direct,250,0.0,72.0,0.381,4872.123,24
semi-direct,54,0.0,72.0,0.254,5039.68,25
semi-direct,250,0.0,72.0,0.254,5039.683,25
semi-direct,54,0.0,72.0,0.13,5020.93,26
semi-direct,250,0.0,72.0,0.13,4924.242,26
semi-direct,54,0.0,72.0,0.036,7308.98,27
semi-direct,250,0.0,72.0,0.036,6666.667,27
semi-direct,54,0.0,168.0,0.533,5022.6,28
semi-direct,250,0.0,168.0,0.533,4793.165,28
semi-direct,54,0.0,168.0,0.445,5045.4,29
semi-direct,250,0.0,168.0,0.445,4800.431,29
semi-direct,54,0.0,168.0,0.342,5160.57,30
semi-direct,250,0.0,168.0,0.342,4837.341,30
semi-direct,54,0.0,168.0,0.262,5242.89,31
semi-direct,250,0.0,168.0,0.262,4833.948,31
semi-direct,54,0.0,168.0,0.229,5267.28,32
semi-direct,250,0.0,168.0,0.229,4903.64,32
semi-direct,54,0.0,168.0,0.499,5080.0,33
semi-direct,250,0.0,168.0,0.499,4807.322,33
semi-direct,54,0.0,168.0,0.401,5010.24,34
semi-direct,250,0.0,168.0,0.401,4785.203,34
semi-direct,54,0.0,168.0,0.284,5144.3,35
semi-direct,250,0.0,168.0,0.284,4821.732,35
semi-direct,54,0.0,168.0,0.18,5235.51,36
semi-direct,250,0.0,168.0,0.18,4825.737,36
semi-direct,54,0.0,168.0,0.13,5535.9,37
semi-direct,250,0.0,168.0,0.13,5038.76,37
semi-direct,54,0.0,168.0,0.483,5048.15,38
semi-direct,250,0.0,168.0,0.483,4716.797,38
semi-direct,54,0.0,168.0,0.381,5019.76,39
semi-direct,250,0.0,168.0,0.381,4768.461,39
semi-direct,54,0.0,168.0,0.254,5110.66,40
semi-direct,250,0.0,168.0,0.254,4847.328,40
semi-direct,54,0.0,168.0,0.13,5265.85,41
semi-direct,250,0.0,168.0,0.13,4676.259,41
semi-direct,54,0.0,168.0,0.036,8139.55,42
semi-direct,250,0.0,168.0,0.036,4285.714,42
semi-direct,54,0.0,336.0,0.533,5041.59,43
semi-direct,250,0.0,336.0,0.533,4144.635,43
semi-direct,54,0.0,336.0,0.445,5254.14,44
semi-direct,250,0.0,336.0,0.445,4847.495,44
semi-direct,54,0.0,336.0,0.342,5223.7,45
semi-direct,250,0.0,336.0,0.342,4927.954,45
semi-direct,54,0.0,336.0,0.262,5253.41,46
semi-direct,250,0.0,336.0,0.262,4816.176,46
semi-direct,54,0.0,336.0,0.229,5328.67,47
semi-direct,250,0.0,336.0,0.229,4946.004,47
semi-direct,54,0.0,336.0,0.499,4998.56,48
semi-direct,250,0.0,336.0,0.499,4027.441,48
semi-direct,54,0.0,336.0,0.401,5060.78,49
semi-direct,250,0.0,336.0,0.401,4819.712,49
semi-direct,54,0.0,336.0,0.284,5200.73,50
semi-direct,250,0.0,336.0,0.284,4965.035,50
semi-direct,54,0.0,336.0,0.18,5328.72,51
semi-direct,250,0.0,336.0,0.18,4958.678,51
semi-direct,54,0.0,336.0,0.13,5583.62,52
semi-direct,250,0.0,336.0,0.13,5019.305,52
semi-direct,54,0.0,336.0,0.483,5064.03,53
semi-direct,250,0.0,336.0,0.483,3758.755,53
semi-direct,54,0.0,336.0,0.381,5033.03,54
semi-direct,250,0.0,336.0,0.381,4732.919,54
semi-direct,54,0.0,336.0,0.254,5162.6,55
semi-direct,250,0.0,336.0,0.254,4810.606,55
semi-direct,54,0.0,336.0,0.13,5202.41,56
semi-direct,250,0.0,336.0,0.13,5019.305,56
semi-direct,54,0.0,336.0,0.036,12349.66,57
semi-direct,250,0.0,336.0,0.036,4864.865,57
semi-direct,54,0.0,672.0,0.533,5099.43,58
semi-direct,250,0.0,672.0,0.533,4880.952,58
semi-direct,54,0.0,672.0,0.445,5097.48,59
semi-direct,250,0.0,672.0,0.445,4868.709,59
semi-direct,54,0.0,672.0,0.342,5191.95,60
semi-direct,250,0.0,672.0,0.342,4892.704,60
semi-direct,54,0.0,672.0,0.262,5317.48,61
semi-direct,250,0.0,672.0,0.262,4878.957,61
semi-direct,54,0.0,672.0,0.229,5316.28,62
semi-direct,250,0.0,672.0,0.229,4903.64,62
semi-direct,54,0.0,672.0,0.499,5106.0,63
semi-direct,250,0.0,672.0,0.499,4747.859,63
semi-direct,54,0.0,672.0,0.401,5035.38,64
semi-direct,250,0.0,672.0,0.401,4842.995,64
semi-direct,54,0.0,672.0,0.284,5181.79,65
semi-direct,250,0.0,672.0,0.284,4871.355,65
semi-direct,54,0.0,672.0,0.18,5312.96,66
semi-direct,250,0.0,672.0,0.18,4812.834,66
semi-direct,54,0.0,672.0,0.13,5442.86,67
semi-direct,250,0.0,672.0,0.13,5038.76,67
semi-direct,54,0.0,672.0,0.483,5053.43,68
semi-direct,250,0.0,672.0,0.483,4758.621,68
semi-direct,54,0.0,672.0,0.381,5026.39,69
semi-direct,250,0.0,672.0,0.381,4841.169,69
semi-direct,54,0.0,672.0,0.254,5152.13,70
semi-direct,250,0.0,672.0,0.254,4810.606,70
semi-direct,54,0.0,672.0,0.13,5330.86,71
semi-direct,250,0.0,672.0,0.13,4676.259,71
semi-direct,54,0.0,672.0,0.036,7308.98,72
semi-direct,250,0.0,672.0,0.036,4556.962,72
semi-direct,54,1.0,24.0,0.519,4834.05,73
semi-direct,250,1.0,24.0,0.519,4576.72,73
semi-direct,54,1.0,24.0,0.425,4807.04,74
semi-direct,250,1.0,24.0,0.425,4483.122,74
semi-direct,54,1.0,24.0,0.314,4739.04,75
semi-direct,250,1.0,24.0,0.314,4531.025,75
semi-direct,54,1.0,24.0,0.221,4732.650000000001,76
semi-direct,250,1.0,24.0,0.221,4201.521,76
semi-direct,54,1.0,24.0,0.18,4659.95,77
semi-direct,250,1.0,24.0,0.18,4195.804,77
semi-direct,54,1.0,24.0,0.504,4906.88,78
semi-direct,250,1.0,24.0,0.504,4723.524,78
semi-direct,54,1.0,24.0,0.406,4855.4400000000005,79
semi-direct,250,1.0,24.0,0.406,4655.963,79
semi-direct,54,1.0,24.0,0.289,4874.06,80
semi-direct,250,1.0,24.0,0.289,4638.844,80
semi-direct,54,1.0,24.0,0.183,5058.96,81
semi-direct,250,1.0,24.0,0.183,4552.239,81
semi-direct,54,1.0,24.0,0.131,5040.780000000001,82
semi-direct,250,1.0,24.0,0.131,4612.676,82
semi-direct,54,1.0,24.0,0.489,4843.37,83
semi-direct,250,1.0,24.0,0.489,4565.826,83
semi-direct,54,1.0,24.0,0.387,4761.33,84
semi-direct,250,1.0,24.0,0.387,4432.99,84
semi-direct,54,1.0,24.0,0.261,4717.150000000001,85
semi-direct,250,1.0,24.0,0.261,4531.25,85
semi-direct,54,1.0,24.0,0.136,4986.62,86
semi-direct,250,1.0,24.0,0.136,4358.974,86
semi-direct,54,1.0,72.0,0.519,4963.45,87
semi-direct,250,1.0,72.0,0.519,4663.073,87
semi-direct,54,1.0,72.0,0.425,4958.49,88
semi-direct,250,1.0,72.0,0.425,4711.752,88
semi-direct,54,1.0,72.0,0.314,4886.4400000000005,89
semi-direct,250,1.0,72.0,0.314,4707.646,89
semi-direct,54,1.0,72.0,0.221,5127.04,90
semi-direct,250,1.0,72.0,0.221,4762.931,90
semi-direct,54,1.0,72.0,0.18,4887.27,91
semi-direct,250,1.0,72.0,0.18,4591.837,91
semi-direct,54,1.0,72.0,0.504,5029.31,92
semi-direct,250,1.0,72.0,0.504,4827.586,92
semi-direct,54,1.0,72.0,0.406,4938.04,93
semi-direct,250,1.0,72.0,0.406,4793.388,93
semi-direct,54,1.0,72.0,0.289,5026.900000000001,94
semi-direct,250,1.0,72.0,0.289,4722.222,94
semi-direct,54,1.0,72.0,0.183,5262.4800000000005,95
semi-direct,250,1.0,72.0,0.183,4728.682,95
semi-direct,54,1.0,72.0,0.131,5180.8,96
semi-direct,250,1.0,72.0,0.131,4712.23,96
semi-direct,54,1.0,72.0,0.489,4941.320000000001,97
semi-direct,250,1.0,72.0,0.489,4511.07,97
semi-direct,54,1.0,72.0,0.387,4893.76,98
semi-direct,250,1.0,72.0,0.387,4855.709,98
semi-direct,54,1.0,72.0,0.261,4641.610000000001,99
semi-direct,250,1.0,72.0,0.261,4635.879,99
semi-direct,54,1.0,72.0,0.136,5061.05,100
semi-direct,250,1.0,72.0,0.136,4625.85,100
semi-direct,54,1.0,168.0,0.519,5104.9800000000005,101
semi-direct,250,1.0,168.0,0.519,4735.401,101
semi-direct,54,1.0,168.0,0.425,5113.63,102
semi-direct,250,1.0,168.0,0.425,4813.137,102
semi-direct,54,1.0,168.0,0.314,5092.360000000001,103
semi-direct,250,1.0,168.0,0.314,4815.951,103
semi-direct,54,1.0,168.0,0.221,5236.13,104
semi-direct,250,1.0,168.0,0.221,4762.931,104
semi-direct,54,1.0,168.0,0.18,4954.400000000001,105
semi-direct,250,1.0,168.0,0.18,4591.837,105
semi-direct,54,1.0,168.0,0.504,5095.41,106
semi-direct,250,1.0,168.0,0.504,4883.721,106
semi-direct,54,1.0,168.0,0.406,5105.530000000001,107
semi-direct,250,1.0,168.0,0.406,4810.427,107
semi-direct,54,1.0,168.0,0.289,5116.030000000001,108
semi-direct,250,1.0,168.0,0.289,4865.32,108
semi-direct,54,1.0,168.0,0.183,5402.1900000000005,109
semi-direct,250,1.0,168.0,0.183,4765.625,109
semi-direct,54,1.0,168.0,0.131,5350.66,110
semi-direct,250,1.0,168.0,0.131,4612.676,110
semi-direct,54,1.0,168.0,0.489,5053.74,111
semi-direct,250,1.0,168.0,0.489,4701.923,111
semi-direct,54,1.0,168.0,0.387,4975.530000000001,112
semi-direct,250,1.0,168.0,0.387,4754.3,112
semi-direct,54,1.0,168.0,0.261,4959.280000000001,113
semi-direct,250,1.0,168.0,0.261,4719.711,113
semi-direct,54,1.0,168.0,0.136,5469.2,114
semi-direct,250,1.0,168.0,0.136,4722.222,114
semi-direct,54,1.0,336.0,0.519,5094.96,115
semi-direct,250,1.0,336.0,0.519,4654.709,115
semi-direct,54,1.0,336.0,0.425,4975.91,116
semi-direct,250,1.0,336.0,0.425,4824.064,116
semi-direct,54,1.0,336.0,0.314,5167.74,117
semi-direct,250,1.0,336.0,0.314,4853.168,117
semi-direct,54,1.0,336.0,0.221,5115.2,118
semi-direct,250,1.0,336.0,0.221,4814.815,118
semi-direct,54,1.0,336.0,0.18,5182.1900000000005,119
semi-direct,250,1.0,336.0,0.18,4591.837,119
semi-direct,54,1.0,336.0,0.504,5074.89,120
semi-direct,250,1.0,336.0,0.504,4777.251,120
semi-direct,54,1.0,336.0,0.406,5035.9400000000005,121
semi-direct,250,1.0,336.0,0.406,4704.519,121
semi-direct,54,1.0,336.0,0.289,5255.820000000001,122
semi-direct,250,1.0,336.0,0.289,4991.364,122
semi-direct,54,1.0,336.0,0.183,5499.52,123
semi-direct,250,1.0,336.0,0.183,4778.068,123
semi-direct,54,1.0,336.0,0.131,5140.0,124
semi-direct,250,1.0,336.0,0.131,4695.341,124
semi-direct,54,1.0,336.0,0.489,5053.74,125
semi-direct,250,1.0,336.0,0.489,4706.449,125
semi-direct,54,1.0,336.0,0.387,4918.63,126
semi-direct,250,1.0,336.0,0.387,4651.442,126
semi-direct,54,1.0,336.0,0.261,4894.150000000001,127
semi-direct,250,1.0,336.0,0.261,4754.098,127
semi-direct,54,1.0,336.0,0.136,5361.110000000001,128
semi-direct,250,1.0,336.0,0.136,4822.695,128
semi-direct,54,1.0,672.0,0.519,5120.08,129
semi-direct,250,1.0,672.0,0.519,4957.02,129
semi-direct,54,1.0,672.0,0.425,5064.87,130
semi-direct,250,1.0,672.0,0.425,4890.679,130
semi-direct,54,1.0,672.0,0.314,4894.05,131
semi-direct,250,1.0,672.0,0.314,4853.168,131
semi-direct,54,1.0,672.0,0.221,4977.26,132
semi-direct,250,1.0,672.0,0.221,4867.841,132
semi-direct,54,1.0,672.0,0.18,4900.55,133
semi-direct,250,1.0,672.0,0.18,4687.5,133
semi-direct,54,1.0,672.0,0.504,5152.72,134
semi-direct,250,1.0,672.0,0.504,5000.0,134
semi-direct,54,1.0,672.0,0.406,5054.7300000000005,135
semi-direct,250,1.0,672.0,0.406,4897.467,135
semi-direct,54,1.0,672.0,0.289,5116.030000000001,136
semi-direct,250,1.0,672.0,0.289,4832.776,136
semi-direct,54,1.0,672.0,0.183,5669.79,137
semi-direct,250,1.0,672.0,0.183,5027.473,137
semi-direct,54,1.0,672.0,0.131,5328.820000000001,138
semi-direct,250,1.0,672.0,0.131,4906.367,138
semi-direct,54,1.0,672.0,0.489,5106.55,139
semi-direct,250,1.0,672.0,0.489,4929.435,139
semi-direct,54,1.0,672.0,0.387,5007.72,140
semi-direct,250,1.0,672.0,0.387,4855.709,140
semi-direct,54,1.0,672.0,0.261,4940.5,141
semi-direct,250,1.0,672.0,0.261,4806.63,141
semi-direct,54,1.0,672.0,0.136,5061.05,142
semi-direct,250,1.0,672.0,0.136,4401.294,142
semi-direct,54,2.0,24.0,0.533,4622.1900000000005,143
semi-direct,250,2.0,24.0,0.533,4486.532,143
semi-direct,54,2.0,24.0,0.444,4584.59,144
semi-direct,250,2.0,24.0,0.444,4426.72,144
semi-direct,54,2.0,24.0,0.342,4798.18,145
semi-direct,250,2.0,24.0,0.342,4511.873,145
semi-direct,54,2.0,24.0,0.262,4862.83,146
semi-direct,250,2.0,24.0,0.262,4572.426,146
semi-direct,54,2.0,24.0,0.23,4804.26,147
semi-direct,250,2.0,24.0,0.23,4492.188,147
semi-direct,54,2.0,24.0,0.499,4638.570000000001,148
semi-direct,250,2.0,24.0,0.499,4524.025,148
semi-direct,54,2.0,24.0,0.402,4631.77,149
semi-direct,250,2.0,24.0,0.402,4461.709,149
semi-direct,54,2.0,24.0,0.284,4821.26,150
semi-direct,250,2.0,24.0,0.284,4565.916,150
semi-direct,54,2.0,24.0,0.18,4947.06,151
semi-direct,250,2.0,24.0,0.18,4699.739,151
semi-direct,54,2.0,24.0,0.13,5001.55,152
semi-direct,250,2.0,24.0,0.13,4467.354,152
semi-direct,54,2.0,24.0,0.483,4634.35,153
semi-direct,250,2.0,24.0,0.483,4569.536,153
semi-direct,54,2.0,24.0,0.382,4539.39,154
semi-direct,250,2.0,24.0,0.382,4447.031,154
semi-direct,54,2.0,24.0,0.255,4624.46,155
semi-direct,250,2.0,24.0,0.255,4458.042,155
semi-direct,54,2.0,24.0,0.13,4906.820000000001,156
semi-direct,250,2.0,24.0,0.13,4452.055,156
semi-direct,54,2.0,24.0,0.036,4591.54,157
semi-direct,250,2.0,24.0,0.036,3636.364,157
semi-direct,54,2.0,72.0,0.533,4775.3,158
semi-direct,250,2.0,72.0,0.533,4646.905,158
semi-direct,54,2.0,72.0,0.444,4666.45,159
semi-direct,250,2.0,72.0,0.444,4558.522,159
semi-direct,54,2.0,72.0,0.342,4764.72,160
semi-direct,250,2.0,72.0,0.342,4627.876,160
semi-direct,54,2.0,72.0,0.262,4908.45,161
semi-direct,250,2.0,72.0,0.262,4729.242,161
semi-direct,54,2.0,72.0,0.23,4906.7,162
semi-direct,250,2.0,72.0,0.23,4581.673,162
semi-direct,54,2.0,72.0,0.499,4744.400000000001,163
semi-direct,250,2.0,72.0,0.499,4607.572,163
semi-direct,54,2.0,72.0,0.402,4713.31,164
semi-direct,250,2.0,72.0,0.402,4707.26,164
semi-direct,54,2.0,72.0,0.284,4879.25,165
semi-direct,250,2.0,72.0,0.284,4640.523,165
semi-direct,54,2.0,72.0,0.18,5072.83,166
semi-direct,250,2.0,72.0,0.18,4591.837,166
semi-direct,54,2.0,72.0,0.13,5020.9400000000005,167
semi-direct,250,2.0,72.0,0.13,4676.259,167
semi-direct,54,2.0,72.0,0.483,4729.570000000001,168
semi-direct,250,2.0,72.0,0.483,4472.222,168
semi-direct,54,2.0,72.0,0.382,4672.7300000000005,169
semi-direct,250,2.0,72.0,0.382,4542.212,169
semi-direct,54,2.0,72.0,0.255,4718.49,170
semi-direct,250,2.0,72.0,0.255,4450.262,170
semi-direct,54,2.0,72.0,0.13,4727.74,171
semi-direct,250,2.0,72.0,0.13,4545.455,171
semi-direct,54,2.0,168.0,0.533,4884.62,172
semi-direct,250,2.0,168.0,0.533,4729.37,172
semi-direct,54,2.0,168.0,0.444,4865.79,173
semi-direct,250,2.0,168.0,0.444,4779.333,173
semi-direct,54,2.0,168.0,0.342,5001.91,174
semi-direct,250,2.0,168.0,0.342,4697.802,174
semi-direct,54,2.0,168.0,0.262,5060.35,175
semi-direct,250,2.0,168.0,0.262,4833.948,175
semi-direct,54,2.0,168.0,0.23,5013.6,176
semi-direct,250,2.0,168.0,0.23,4761.905,176
semi-direct,54,2.0,168.0,0.499,4907.67,177
semi-direct,250,2.0,168.0,0.499,4734.345,177
semi-direct,54,2.0,168.0,0.402,4873.4800000000005,178
semi-direct,250,2.0,168.0,0.402,4658.169,178
semi-direct,54,2.0,168.0,0.284,5043.91,179
semi-direct,250,2.0,168.0,0.284,4717.608,179
semi-direct,54,2.0,168.0,0.18,5376.59,180
semi-direct,250,2.0,168.0,0.18,4812.834,180
semi-direct,54,2.0,168.0,0.483,4877.52,181
semi-direct,250,2.0,168.0,0.483,4698.444,181
semi-direct,54,2.0,168.0,0.382,4820.2300000000005,182
semi-direct,250,2.0,168.0,0.382,4692.875,182
semi-direct,54,2.0,168.0,0.255,4789.31,183
semi-direct,250,2.0,168.0,0.255,4653.285,183
semi-direct,54,2.0,168.0,0.13,5120.16,184
semi-direct,250,2.0,168.0,0.13,4832.714,184
semi-direct,54,2.0,336.0,0.533,4999.070000000001,185
semi-direct,250,2.0,336.0,0.533,4679.543,185
semi-direct,54,2.0,336.0,0.444,5008.42,186
semi-direct,250,2.0,336.0,0.444,4831.338,186
semi-direct,54,2.0,336.0,0.342,5145.04,187
semi-direct,250,2.0,336.0,0.342,4796.634,187
semi-direct,54,2.0,336.0,0.262,5253.42,188
semi-direct,250,2.0,336.0,0.262,4825.046,188
semi-direct,54,2.0,336.0,0.23,5302.400000000001,189
semi-direct,250,2.0,336.0,0.23,4801.67,189
semi-direct,54,2.0,336.0,0.499,5001.110000000001,190
semi-direct,250,2.0,336.0,0.499,4873.047,190
semi-direct,54,2.0,336.0,0.402,4939.41,191
semi-direct,250,2.0,336.0,0.402,4802.867,191
semi-direct,54,2.0,336.0,0.284,5144.43,192
semi-direct,250,2.0,336.0,0.284,4789.207,192
semi-direct,54,2.0,336.0,0.18,5408.9800000000005,193
semi-direct,250,2.0,336.0,0.18,4838.71,193
semi-direct,54,2.0,336.0,0.13,5420.09,194
semi-direct,250,2.0,336.0,0.13,4779.412,194
semi-direct,54,2.0,336.0,0.483,4962.650000000001,195
semi-direct,250,2.0,336.0,0.483,4749.263,195
semi-direct,54,2.0,336.0,0.382,4906.97,196
semi-direct,250,2.0,336.0,0.382,4727.723,196
semi-direct,54,2.0,336.0,0.255,5167.41,197
semi-direct,250,2.0,336.0,0.255,4739.777,197
semi-direct,54,2.0,336.0,0.13,5202.41,198
semi-direct,250,2.0,336.0,0.13,4436.86,198
semi-direct,54,2.0,672.0,0.533,4775.3,199
semi-direct,250,2.0,672.0,0.533,4771.71,199
semi-direct,54,2.0,672.0,0.444,4844.56,200
semi-direct,250,2.0,672.0,0.444,4654.088,200
semi-direct,54,2.0,672.0,0.342,5068.7,201
semi-direct,250,2.0,672.0,0.342,4789.916,201
semi-direct,54,2.0,672.0,0.262,5160.16,202
semi-direct,250,2.0,672.0,0.262,4789.762,202
semi-direct,54,2.0,672.0,0.23,5091.24,203
semi-direct,250,2.0,672.0,0.23,4703.476,203
semi-direct,54,2.0,672.0,0.499,4883.66,204
semi-direct,250,2.0,672.0,0.499,4743.346,204
semi-direct,54,2.0,672.0,0.402,4849.93,205
semi-direct,250,2.0,672.0,0.402,4690.782,205
semi-direct,54,2.0,672.0,0.284,5239.34,206
semi-direct,250,2.0,672.0,0.284,4789.207,206
semi-direct,54,2.0,672.0,0.483,4862.8,207
semi-direct,250,2.0,672.0,0.483,4744.597,207
semi-direct,54,2.0,672.0,0.382,4814.150000000001,208
semi-direct,250,2.0,672.0,0.382,4669.927,208
semi-direct,54,2.0,672.0,0.255,5025.0,209
semi-direct,250,2.0,672.0,0.255,4739.777,209
semi-direct,54,2.0,672.0,0.13,5020.9400000000005,210
semi-direct,250,2.0,672.0,0.13,4659.498,210
semi-direct,54,3.0,24.0,0.533,4602.25,211
semi-direct,250,3.0,24.0,0.533,4463.987,211
semi-direct,54,3.0,24.0,0.444,4656.67,212
semi-direct,250,3.0,24.0,0.444,4444.444,212
semi-direct,54,3.0,24.0,0.342,4718.650000000001,213
semi-direct,250,3.0,24.0,0.342,4476.44,213
semi-direct,54,3.0,24.0,0.262,4765.400000000001,214
semi-direct,250,3.0,24.0,0.262,4525.043,214
semi-direct,54,3.0,24.0,0.23,4804.26,215
semi-direct,250,3.0,24.0,0.23,4474.708,215
semi-direct,54,3.0,24.0,0.499,4541.5,216
semi-direct,250,3.0,24.0,0.499,4479.354,216
semi-direct,54,3.0,24.0,0.402,4568.54,217
semi-direct,250,3.0,24.0,0.402,4327.234,217
semi-direct,54,3.0,24.0,0.284,4624.96,218
semi-direct,250,3.0,24.0,0.284,4479.495,218
semi-direct,54,3.0,24.0,0.18,4738.21,219
semi-direct,250,3.0,24.0,0.18,4455.446,219
semi-direct,54,3.0,24.0,0.13,4643.02,220
semi-direct,250,3.0,24.0,0.13,4421.769,220
semi-direct,54,3.0,24.0,0.483,4585.9800000000005,221
semi-direct,250,3.0,24.0,0.483,4375.0,221
semi-direct,54,3.0,24.0,0.382,4605.1,222
semi-direct,250,3.0,24.0,0.382,4345.848,222
semi-direct,54,3.0,24.0,0.255,4607.77,223
semi-direct,250,3.0,24.0,0.255,4442.509,223
semi-direct,54,3.0,24.0,0.13,4727.74,224
semi-direct,250,3.0,24.0,0.13,4421.769,224
semi-direct,54,3.0,24.0,0.036,4839.7300000000005,225
semi-direct,250,3.0,24.0,0.036,3829.787,225
semi-direct,54,3.0,72.0,0.533,4818.43,226
semi-direct,250,3.0,72.0,0.533,4626.736,226
semi-direct,54,3.0,72.0,0.444,4876.47,227
semi-direct,250,3.0,72.0,0.444,4605.809,227
semi-direct,54,3.0,72.0,0.342,4901.4400000000005,228
semi-direct,250,3.0,72.0,0.342,4602.961,228
semi-direct,54,3.0,72.0,0.262,5011.88,229
semi-direct,250,3.0,72.0,0.262,4686.941,229
semi-direct,54,3.0,72.0,0.23,4906.7,230
semi-direct,250,3.0,72.0,0.23,4627.767,230
semi-direct,54,3.0,72.0,0.499,4808.39,231
semi-direct,250,3.0,72.0,0.499,4628.942,231
semi-direct,54,3.0,72.0,0.402,4963.84,232
semi-direct,250,3.0,72.0,0.402,4734.982,232
semi-direct,54,3.0,72.0,0.284,4913.02,233
semi-direct,250,3.0,72.0,0.284,4640.523,233
semi-direct,54,3.0,72.0,0.18,5145.51,234
semi-direct,250,3.0,72.0,0.18,4580.153,234
semi-direct,54,3.0,72.0,0.13,5244.54,235
semi-direct,250,3.0,72.0,0.13,4577.465,235
semi-direct,54,3.0,72.0,0.483,4814.37,236
semi-direct,250,3.0,72.0,0.483,4595.623,236
semi-direct,54,3.0,72.0,0.382,4900.67,237
semi-direct,250,3.0,72.0,0.382,4641.555,237
semi-direct,54,3.0,72.0,0.255,4834.66,238
semi-direct,250,3.0,72.0,0.255,4644.809,238
semi-direct,54,3.0,72.0,0.13,4925.4800000000005,239
semi-direct,250,3.0,72.0,0.13,4593.64,239
semi-direct,54,3.0,72.0,0.036,5595.9400000000005,240
semi-direct,250,3.0,72.0,0.036,4390.244,240
semi-direct,54,3.0,168.0,0.533,4875.6900000000005,241
semi-direct,250,3.0,168.0,0.533,4729.37,241
semi-direct,54,3.0,168.0,0.444,4941.56,242
semi-direct,250,3.0,168.0,0.444,4683.544,242
semi-direct,54,3.0,168.0,0.342,4980.030000000001,243
semi-direct,250,3.0,168.0,0.342,4723.757,243
semi-direct,54,3.0,168.0,0.262,5070.16,244
semi-direct,250,3.0,168.0,0.262,4860.853,244
semi-direct,54,3.0,168.0,0.23,5182.9800000000005,245
semi-direct,250,3.0,168.0,0.23,4801.67,245
semi-direct,54,3.0,168.0,0.499,4907.67,246
semi-direct,250,3.0,168.0,0.499,4694.262,246
semi-direct,54,3.0,168.0,0.402,4915.2300000000005,247
semi-direct,250,3.0,168.0,0.402,4718.31,247
semi-direct,54,3.0,168.0,0.284,4921.530000000001,248
semi-direct,250,3.0,168.0,0.284,4709.784,248
semi-direct,54,3.0,168.0,0.18,5297.29,249
semi-direct,250,3.0,168.0,0.18,4699.739,249
semi-direct,54,3.0,168.0,0.13,5244.54,250
semi-direct,250,3.0,168.0,0.13,4577.465,250
semi-direct,54,3.0,168.0,0.483,4897.29,251
semi-direct,250,3.0,168.0,0.483,4578.199,251
semi-direct,54,3.0,168.0,0.382,4875.64,252
semi-direct,250,3.0,168.0,0.382,4763.092,252
semi-direct,54,3.0,168.0,0.255,4843.84,253
semi-direct,250,3.0,168.0,0.255,4644.809,253
semi-direct,54,3.0,168.0,0.13,4925.4800000000005,254
semi-direct,250,3.0,168.0,0.13,4593.64,254
semi-direct,54,3.0,168.0,0.036,5595.9400000000005,255
semi-direct,250,3.0,168.0,0.036,4044.944,255
semi-direct,54,3.0,336.0,0.533,4884.62,256
semi-direct,250,3.0,336.0,0.533,4729.37,256
semi-direct,54,3.0,336.0,0.444,4980.34,257
semi-direct,250,3.0,336.0,0.444,4753.747,257
semi-direct,54,3.0,336.0,0.342,5046.24,258
semi-direct,250,3.0,336.0,0.342,4723.757,258
semi-direct,54,3.0,336.0,0.262,5060.35,259
semi-direct,250,3.0,336.0,0.262,4825.046,259
semi-direct,54,3.0,336.0,0.23,5080.0,260
semi-direct,250,3.0,336.0,0.23,4801.67,260
semi-direct,54,3.0,336.0,0.499,4956.41,261
semi-direct,250,3.0,336.0,0.499,4825.919,261
semi-direct,54,3.0,336.0,0.402,5000.93,262
semi-direct,250,3.0,336.0,0.402,4908.425,262
semi-direct,54,3.0,336.0,0.284,5034.97,263
semi-direct,250,3.0,336.0,0.284,4781.145,263
semi-direct,54,3.0,336.0,0.18,5297.29,264
semi-direct,250,3.0,336.0,0.18,4812.834,264
semi-direct,54,3.0,336.0,0.13,5309.02,265
semi-direct,250,3.0,336.0,0.13,4832.714,265
semi-direct,54,3.0,336.0,0.483,4942.360000000001,266
semi-direct,250,3.0,336.0,0.483,4763.314,266
semi-direct,54,3.0,336.0,0.382,4938.71,267
semi-direct,250,3.0,336.0,0.382,4823.232,267
semi-direct,54,3.0,336.0,0.255,5115.64,268
semi-direct,250,3.0,336.0,0.255,4775.281,268
semi-direct,54,3.0,336.0,0.13,5040.47,269
semi-direct,250,3.0,336.0,0.13,4577.465,269
semi-direct,54,3.0,336.0,0.036,4314.9400000000005,270
semi-direct,250,3.0,336.0,0.036,3829.787,270
semi-direct,54,3.0,672.0,0.533,5013.16,271
semi-direct,250,3.0,672.0,0.533,4827.899,271
semi-direct,54,3.0,672.0,0.444,5008.42,272
semi-direct,250,3.0,672.0,0.444,4784.483,272
semi-direct,54,3.0,672.0,0.342,5068.7,273
semi-direct,250,3.0,672.0,0.342,4796.634,273
semi-direct,54,3.0,672.0,0.262,5139.89,274
semi-direct,250,3.0,672.0,0.262,4772.313,274
semi-direct,54,3.0,672.0,0.23,5148.1900000000005,275
semi-direct,250,3.0,672.0,0.23,4821.803,275
semi-direct,54,3.0,672.0,0.499,5006.12,276
semi-direct,250,3.0,672.0,0.499,4779.693,276
semi-direct,54,3.0,672.0,0.402,5032.26,277
semi-direct,250,3.0,672.0,0.402,4849.216,277
semi-direct,54,3.0,672.0,0.284,5098.25,278
semi-direct,250,3.0,672.0,0.284,4879.725,278
semi-direct,54,3.0,672.0,0.18,5297.29,279
semi-direct,250,3.0,672.0,0.18,4699.739,279
semi-direct,54,3.0,672.0,0.13,5020.9400000000005,280
semi-direct,250,3.0,672.0,0.13,4832.714,280
semi-direct,54,3.0,672.0,0.483,4967.75,281
semi-direct,250,3.0,672.0,0.483,4810.757,281
semi-direct,54,3.0,672.0,0.382,4970.860000000001,282
semi-direct,250,3.0,672.0,0.382,4619.105,282
semi-direct,54,3.0,672.0,0.255,5015.13,283
semi-direct,250,3.0,672.0,0.255,4653.285,283
semi-direct,54,3.0,672.0,0.13,5020.9400000000005,284
semi-direct,250,3.0,672.0,0.13,4659.498,284
semi-direct,54,3.0,672.0,0.036,4591.54,285
semi-direct,250,3.0,672.0,0.036,3829.787,285
indirect,54,0.0,24.0,0.076,4618.18,0
indirect,250,0.0,24.0,0.076,3877.55,0
indirect,54,0.0,24.0,0.152,4430.23,1
indirect,250,0.0,24.0,0.152,4222.22,1
indirect,54,0.0,24.0,0.229,4421.66,2
indirect,250,0.0,24.0,0.229,4171.22,2
indirect,54,0.0,24.0,0.305,4611.2,3
indirect,250,0.0,24.0,0.305,4357.14,3
indirect,54,0.0,24.0,0.381,4261.74,4
indirect,250,0.0,24.0,0.381,4440.56,4
indirect,54,0.0,72.0,0.076,3447.96,5
indirect,250,0.0,72.0,0.076,5757.58,5
indirect,54,0.0,72.0,0.152,4152.59,6
indirect,250,0.0,72.0,0.152,4720.5,6
indirect,54,0.0,72.0,0.229,5658.42,7
indirect,250,0.0,72.0,0.229,4731.4,7
indirect,54,0.0,72.0,0.305,4590.36,8
indirect,250,0.0,72.0,0.305,4765.63,8
indirect,54,0.0,72.0,0.381,4247.49,9
indirect,250,0.0,72.0,0.381,4756.55,9
indirect,54,0.0,168.0,0.076,5521.74,10
indirect,250,0.0,168.0,0.076,4779.87,10
indirect,54,0.0,168.0,0.152,4590.36,11
indirect,250,0.0,168.0,0.152,4705.88,11
indirect,54,0.0,168.0,0.229,5328.67,12
indirect,250,0.0,168.0,0.229,4525.69,12
indirect,54,0.0,168.0,0.305,4488.95,13
indirect,250,0.0,168.0,0.305,4579.58,13
indirect,54,0.0,168.0,0.381,4285.71,14
indirect,250,0.0,168.0,0.381,4669.12,14
indirect,54,0.0,336.0,0.076,7121.5,15
indirect,250,0.0,336.0,0.076,4153.01,15
indirect,54,0.0,336.0,0.152,5602.94,16
indirect,250,0.0,336.0,0.152,5984.25,16
indirect,54,0.0,336.0,0.229,5455.85,17
indirect,250,0.0,336.0,0.229,6308.54,17
indirect,54,0.0,336.0,0.305,5385.16,18
indirect,250,0.0,336.0,0.305,5809.52,18
indirect,54,0.0,336.0,0.381,5204.92,19
indirect,250,0.0,336.0,0.381,5594.71,19
indirect,54,0.0,672.0,0.076,6145.16,20
indirect,250,0.0,672.0,0.076,3857.87,20
indirect,54,0.0,672.0,0.152,5404.26,21
indirect,250,0.0,672.0,0.152,4175.82,21
indirect,54,0.0,672.0,0.229,5391.51,22
indirect,250,0.0,672.0,0.229,4096.6,22
indirect,54,0.0,672.0,0.305,5237.11,23
indirect,250,0.0,672.0,0.305,2993.13,23
indirect,54,0.0,672.0,0.381,5262.43,24
indirect,250,0.0,672.0,0.381,2262.47,24
indirect,54,1.0,24.0,0.076,6990.83,25
indirect,250,1.0,24.0,0.076,4293.79,25
indirect,54,1.0,24.0,0.152,3907.69,26
indirect,250,1.0,24.0,0.152,3800.0,26
indirect,54,1.0,24.0,0.229,4118.92,27
indirect,250,1.0,24.0,0.229,4201.83,27
indirect,54,1.0,24.0,0.305,4233.33,28
indirect,250,1.0,24.0,0.305,4271.71,28
indirect,54,1.0,24.0,0.381,3960.5,29
indirect,250,1.0,24.0,0.381,4252.23,29
indirect,54,1.0,72.0,0.076,5686.57,30
indirect,250,1.0,72.0,0.076,3857.87,30
indirect,54,1.0,72.0,0.152,5404.26,31
indirect,250,1.0,72.0,0.152,4198.9,31
indirect,54,1.0,72.0,0.229,4980.39,32
indirect,250,1.0,72.0,0.229,4126.13,32
indirect,54,1.0,72.0,0.305,4769.95,33
indirect,250,1.0,72.0,0.305,4271.71,33
indirect,54,1.0,72.0,0.381,4798.49,34
indirect,250,1.0,72.0,0.381,2951.2,34
indirect,54,1.0,168.0,0.076,5366.2,35
indirect,250,1.0,168.0,0.076,4175.82,35
indirect,54,1.0,168.0,0.152,5131.31,36
indirect,250,1.0,168.0,0.152,4431.49,36
indirect,54,1.0,168.0,0.229,4802.52,37
indirect,250,1.0,168.0,0.229,4543.65,37
indirect,54,1.0,168.0,0.305,4822.78,38
indirect,250,1.0,168.0,0.305,4388.49,38
indirect,54,1.0,168.0,0.381,4727.05,39
indirect,250,1.0,168.0,0.381,4456.14,39
indirect,54,1.0,336.0,0.076,5772.73,40
indirect,250,1.0,336.0,0.076,4198.9,40
indirect,54,1.0,336.0,0.152,5366.2,41
indirect,250,1.0,336.0,0.152,4010.55,41
indirect,54,1.0,336.0,0.229,4874.2,42
indirect,250,1.0,336.0,0.229,4209.56,42
indirect,54,1.0,336.0,0.305,4755.07,43
indirect,250,1.0,336.0,0.305,3336.98,43
indirect,54,1.0,336.0,0.381,4276.09,44
indirect,250,1.0,336.0,0.381,2958.07,44
indirect,54,1.0,672.0,0.076,5906.98,45
indirect,250,1.0,672.0,0.076,4198.9,45
indirect,54,1.0,672.0,0.152,5729.32,46
indirect,250,1.0,672.0,0.152,4010.55,46
indirect,54,1.0,672.0,0.229,5267.28,47
indirect,250,1.0,672.0,0.229,4209.56,47
indirect,54,1.0,672.0,0.305,5088.48,48
indirect,250,1.0,672.0,0.305,3336.98,48
indirect,54,1.0,672.0,0.381,5000.0,49
indirect,250,1.0,672.0,0.381,2958.07,49
indirect,54,2.0,24.0,0.076,6195.12,50
indirect,250,2.0,24.0,0.076,4269.66,50
indirect,54,2.0,24.0,0.152,4964.17,51
indirect,250,2.0,24.0,0.152,4257.7,51
indirect,54,2.0,24.0,0.229,4674.85,52
indirect,250,2.0,24.0,0.229,4248.61,52
indirect,54,2.0,24.0,0.305,4590.36,53
indirect,250,2.0,24.0,0.305,4155.31,53
indirect,54,2.0,24.0,0.381,4524.94,54
indirect,250,2.0,24.0,0.381,4186.81,54
indirect,54,2.0,72.0,0.076,6990.83,55
indirect,250,2.0,72.0,0.076,4153.01,55
indirect,54,2.0,72.0,0.152,5096.99,56
indirect,250,2.0,72.0,0.152,4330.48,56
indirect,54,2.0,72.0,0.229,4884.62,57
indirect,250,2.0,72.0,0.229,4201.83,57
indirect,54,2.0,72.0,0.305,4784.93,58
indirect,250,2.0,72.0,0.305,4289.73,58
indirect,54,2.0,72.0,0.381,4768.46,59
indirect,250,2.0,72.0,0.381,4168.49,59
indirect,54,2.0,168.0,0.076,5686.57,60
indirect,250,2.0,168.0,0.076,4021.16,60
indirect,54,2.0,168.0,0.152,5046.36,61
indirect,250,2.0,168.0,0.152,4393.06,61
indirect,54,2.0,168.0,0.229,4792.45,62
indirect,250,2.0,168.0,0.229,4472.66,62
indirect,54,2.0,168.0,0.305,4784.93,63
indirect,250,2.0,168.0,0.305,4265.73,63
indirect,54,2.0,168.0,0.381,4669.12,64
indirect,250,2.0,168.0,0.381,4384.35,64
indirect,54,2.0,336.0,0.076,6403.36,65
indirect,250,2.0,336.0,0.076,4691.36,65
indirect,54,2.0,336.0,0.152,5404.26,66
indirect,250,2.0,336.0,0.152,4648.32,66
indirect,54,2.0,336.0,0.229,5171.95,67
indirect,250,2.0,336.0,0.229,4645.03,67
indirect,54,2.0,336.0,0.305,5046.36,68
indirect,250,2.0,336.0,0.305,4677.91,68
indirect,54,2.0,336.0,0.381,4922.48,69
indirect,250,2.0,336.0,0.381,4461.36,69
indirect,54,2.0,672.0,0.076,6990.83,70
indirect,250,2.0,672.0,0.076,4418.6,70
indirect,54,2.0,672.0,0.152,5328.67,71
indirect,250,2.0,672.0,0.152,4510.39,71
indirect,54,2.0,672.0,0.229,5114.09,72
indirect,250,2.0,672.0,0.229,4635.63,72
indirect,54,2.0,672.0,0.305,4900.32,73
indirect,250,2.0,672.0,0.305,4413.89,73
indirect,54,2.0,672.0,0.381,4890.89,74
indirect,250,2.0,672.0,0.381,4450.93,74
indirect,54,3.0,24.0,0.076,4792.45,75
indirect,250,3.0,24.0,0.076,3725.49,75
indirect,54,3.0,24.0,0.152,4777.43,76
indirect,250,3.0,24.0,0.152,3979.06,76
indirect,54,3.0,24.0,0.229,4581.16,77
indirect,250,3.0,24.0,0.229,4060.28,77
indirect,54,3.0,24.0,0.305,3937.98,78
indirect,250,3.0,24.0,0.305,4155.31,78
indirect,54,3.0,24.0,0.381,4014.75,79
indirect,250,3.0,24.0,0.381,4214.6,79
indirect,54,3.0,72.0,0.076,5772.73,80
indirect,250,3.0,72.0,0.076,4550.9,80
indirect,54,3.0,72.0,0.152,5046.36,81
indirect,250,3.0,72.0,0.152,4523.81,81
indirect,54,3.0,72.0,0.229,5035.24,82
indirect,250,3.0,72.0,0.229,4663.95,82
indirect,54,3.0,72.0,0.305,4900.32,83
indirect,250,3.0,72.0,0.305,4465.59,83
indirect,54,3.0,72.0,0.381,4798.49,84
indirect,250,3.0,72.0,0.381,4514.22,84
indirect,54,3.0,168.0,0.076,6245.9,85
indirect,250,3.0,168.0,0.076,4550.9,85
indirect,54,3.0,168.0,0.152,5366.2,86
indirect,250,3.0,168.0,0.152,4648.32,86
indirect,54,3.0,168.0,0.229,5035.24,87
indirect,250,3.0,168.0,0.229,4598.39,87
indirect,54,3.0,168.0,0.305,4900.32,88
indirect,250,3.0,168.0,0.305,4642.31,88
indirect,54,3.0,168.0,0.381,4276.09,89
indirect,250,3.0,168.0,0.381,4519.57,89
indirect,54,3.0,336.0,0.076,5729.32,90
indirect,250,3.0,336.0,0.076,4367.82,90
indirect,54,3.0,336.0,0.152,5562.04,91
indirect,250,3.0,336.0,0.152,4510.39,91
indirect,54,3.0,336.0,0.229,5231.12,92
indirect,250,3.0,336.0,0.229,4616.94,92
indirect,54,3.0,336.0,0.305,5029.7,93
indirect,250,3.0,336.0,0.305,4452.55,93
indirect,54,3.0,336.0,0.381,4986.91,94
indirect,250,3.0,336.0,0.381,4487.63,94
indirect,54,3.0,672.0,0.076,6245.9,95
indirect,250,3.0,672.0,0.076,4393.06,95
indirect,54,3.0,672.0,0.152,4964.17,96
indirect,250,3.0,672.0,0.152,4578.31,96
indirect,54,3.0,672.0,0.229,4874.2,97
indirect,250,3.0,672.0,0.229,4395.39,97
indirect,54,3.0,672.0,0.305,4900.32,98
indirect,250,3.0,672.0,0.305,4459.06,98
indirect,54,3.0,672.0,0.381,4319.73,99
indirect,250,3.0,672.0,0.381,4541.12,99
