fiber_pct,age_h,strength_mpa,direct_upv_mps,rebound
0,12.0,4.7,599,13.5
0,12.0,7.5,1746,
0,12.0,2.8,1970,
0,15.0,19.8,2800,35.5
0,15.0,22.3,2838,
0,15.0,20.4,2763,
0,18.0,19.3,3791,44.0
0,18.0,20.7,3791,
0,18.0,17.7,3791,
0,21.0,31.8,4456,48.0
0,21.0,15.8,4456,
0,21.0,27.8,4496,
0,24.0,68.8,4518,58.0
0,24.0,61.9,4417,
0,24.0,82.4,4497,
0,72.0,114.9,4661,62.0
0,72.0,69.0,4661,
0,72.0,62.5,4639,
0,168.0,106.9,4661,61.4
0,168.0,112.4,4661,
0,168.0,109.5,4661,
0,336.0,117.9,4661,61.5
0,336.0,121.6,4796,
0,336.0,120.8,4933,
0,672.0,126.0,4932,62.3
0,672.0,134.6,4908,
0,672.0,134.1,4908,
1,12.0,1.7,1879,9.0
1,12.0,1.6,1617,
1,12.0,1.9,1871,
1,15.0,9.9,3292,28.7
1,15.0,10.5,3314,
1,15.0,9.0,3299,
1,18.0,25.5,4017,41.7
1,18.0,24.3,3938,
1,18.0,24.2,4017,
1,21.0,44.6,4097,46.0
1,21.0,41.8,4113,
1,21.0,39.5,4017,
1,24.0,60.2,4413,59.9
1,24.0,63.1,4321,
1,24.0,67.7,4338,
1,72.0,87.5,4682,61.3
1,72.0,63.5,4456,
1,72.0,109.0,4558,
1,168.0,130.9,4660,61.4
1,168.0,69.8,4660,
1,168.0,74.7,4660,
1,336.0,138.3,4772,61.4
1,336.0,120.5,4660,
1,336.0,125.3,4660,
1,672.0,125.1,4885,60.0
1,672.0,124.1,4932,
1,672.0,126.2,4838,
2,12.0,1.4,1734,5.4
2,12.0,0.9,1550,
2,12.0,1.0,1740,
2,15.0,6.2,3002,15.6
2,15.0,6.8,2838,
2,15.0,6.5,2887,
2,18.0,23.6,3791,49.5
2,18.0,23.4,3805,
2,18.0,20.8,3805,
2,21.0,46.6,4269,51.3
2,21.0,50.7,4269,
2,21.0,41.6,4251,
2,24.0,56.8,4456,53.7
2,24.0,61.1,4476,
2,24.0,54.8,4456,
2,72.0,99.1,4682,57.0
2,72.0,87.3,4456,
2,72.0,101.0,4558,
2,168.0,94.7,4661,60.0
2,168.0,106.9,4682,
2,168.0,105.2,4661,
2,336.0,128.0,4660,60.8
2,336.0,121.1,4660,
2,336.0,118.2,4660,
2,672.0,99.7,4661,60.7
2,672.0,138.9,4682,
2,672.0,137.8,4661,
3,12.0,2.2,1908,12.6
3,12.0,2.7,1871,
3,12.0,2.3,1605,
3,15.0,17.9,3553,40.2
3,15.0,18.9,3565,
3,15.0,19.2,3604,
3,18.0,31.6,3865,51.8
3,18.0,24.2,3896,
3,18.0,29.8,3938,
3,21.0,53.6,4269,56.0
3,21.0,53.9,4269,
3,21.0,53.2,4030,
3,24.0,60.4,4269,59.0
3,24.0,64.0,4269,
3,24.0,71.9,4363,
3,72.0,79.2,4639,61.0
3,72.0,111.4,4682,
3,72.0,103.1,4682,
3,168.0,123.4,4660,64.3
3,168.0,120.8,4660,
3,168.0,107.1,4682,
3,336.0,141.3,4885,65.5
3,336.0,128.1,4909,
3,336.0,143.0,4885,
3,672.0,124.1,4885,64.7
3,672.0,123.9,4909,
3,672.0,128.1,4885,
